Subset,Reaction,ReferenceValue,MethodValue
ACONF,"['B_G', 'B_T']",0.598000,0.396110
ACONF,"['P_TG', 'P_TT']",0.614000,0.441950
ACONF,"['P_GG', 'P_TT']",0.961000,0.583120
ACONF,"['P_GX', 'P_TT']",2.813000,2.622980
ACONF,"['H_gtt', 'H_ttt']",0.595000,0.416000
ACONF,"['H_tgt', 'H_ttt']",0.604000,0.471380
ACONF,"['H_tgg', 'H_ttt']",0.934000,0.616210
ACONF,"['H_gtg', 'H_ttt']",1.178000,0.834400
ACONF,"['H_g+t+g-', 'H_ttt']",1.302000,0.931040
ACONF,"['H_ggg', 'H_ttt']",1.250000,0.740920
ACONF,"['H_g+x-t+', 'H_ttt']",2.632000,2.488290
ACONF,"['H_t+g+x-', 'H_ttt']",2.740000,2.599080
ACONF,"['H_g+x-g-', 'H_ttt']",3.283000,3.026150
ACONF,"['H_ttt', 'H_x+g-g-']",3.083000,2.725930
ACONF,"['H_ttt', 'H_x+g-x+']",4.925000,4.790690
ADIM6,"['AD2', 'AM2']",1.340000,1.312070
ADIM6,"['AD3', 'AM3']",1.990000,1.977280
ADIM6,"['AD4', 'AM4']",2.890000,2.932350
ADIM6,"['AD5', 'AM5']",3.780000,3.806890
ADIM6,"['AD6', 'AM6']",4.600000,4.686210
ADIM6,"['AD7', 'AM7']",5.550000,5.404520
AHB21,"['1', '1A', '1B']",-17.790000,-31.457410
AHB21,"['2', '2A', '2B']",-32.500000,-49.769360
AHB21,"['3', '3A', '3B']",-65.680000,-86.693270
AHB21,"['4', '4A', '4B']",-8.980000,-14.533150
AHB21,"['5', '5A', '5B']",-15.610000,-22.524030
AHB21,"['6', '6A', '6B']",-25.520000,-33.216870
AHB21,"['7', '7A', '7B']",-14.350000,-22.911860
AHB21,"['8', '8A', '8B']",-41.790000,-53.542920
AHB21,"['9', '9A', '9B']",-17.030000,-30.823610
AHB21,"['10', '10A', '10B']",-37.310000,-56.779030
AHB21,"['11', '11A', '11B']",-7.970000,-9.887780
AHB21,"['12', '12A', '12B']",-14.130000,-17.422330
AHB21,"['13', '13A', '13B']",-26.010000,-30.292280
AHB21,"['14', '14A', '14B']",-11.070000,-14.060280
AHB21,"['15', '15A', '15B']",-8.620000,-14.235900
AHB21,"['16', '16A', '16B']",-15.730000,-22.924010
AHB21,"['17', '17A', '17B']",-26.240000,-34.219050
AHB21,"['18', '18A', '18B']",-12.800000,-14.935790
AHB21,"['19', '19A', '19B']",-20.650000,-24.175390
AHB21,"['20', '20A', '20B']",-21.030000,-23.446990
AHB21,"['21', '21A', '21B']",-31.400000,-34.476600
AL2X6,"['al2h6', 'alh3']",38.500000,36.768010
AL2X6,"['al2f6', 'alf3']",51.600000,57.338130
AL2X6,"['al2cl6', 'alcl3']",32.500000,36.177970
AL2X6,"['al2me4', 'alme2']",38.400000,36.022390
AL2X6,"['al2me5', 'alme2', 'alme3']",31.200000,28.834990
AL2X6,"['al2me6', 'alme3']",23.100000,21.111250
ALK8,"['li2', 'li8']",86.470000,89.492130
ALK8,"['na2', 'na8']",53.150000,57.181570
ALK8,"['li4_me4', 'li_me']",131.130000,144.092610
ALK8,"['li2', 'li3_me', 'li_me']",34.510000,36.333510
ALK8,"['li2_ch4', 'li_h', 'li_me']",47.420000,49.795200
ALK8,"['li4_c', 'li5_ch', 'li_h']",66.280000,74.049300
ALK8,"['li2_ch2n_2', 'li_ch2n']",56.550000,62.470180
ALK8,"['li+', 'li_na_h2', 'na+', 'na2_h2']",25.300000,26.152780
ALKBDE10,"['be', 'bef', 'f']",138.700000,137.890270
ALKBDE10,"['be', 'beo', 'o']",106.600000,94.552670
ALKBDE10,"['ca', 'cao', 'o']",96.200000,86.304180
ALKBDE10,"['f', 'h', 'hf']",142.100000,127.733820
ALKBDE10,"['f', 'k', 'kf']",117.500000,102.134980
ALKBDE10,"['f', 'li', 'lif']",139.200000,128.176380
ALKBDE10,"['li', 'lio', 'o']",82.500000,70.090500
ALKBDE10,"['mg', 'mgo', 'o']",62.200000,36.847530
ALKBDE10,"['mg', 'mgs', 's']",56.700000,44.879630
ALKBDE10,"['na', 'nao', 'o']",65.200000,48.273240
Amino20x4,"['ALA_xac', 'ALA_xag']",1.169000,1.988320
Amino20x4,"['ALA_xag', 'ALA_xak']",3.049000,2.412370
Amino20x4,"['ALA_xag', 'ALA_xai']",3.319000,3.197100
Amino20x4,"['ALA_xab', 'ALA_xag']",5.044000,5.050350
Amino20x4,"['ARG_xak', 'ARG_xci']",1.576000,3.071980
Amino20x4,"['ARG_xbv', 'ARG_xci']",2.529000,4.702610
Amino20x4,"['ARG_xbx', 'ARG_xci']",2.800000,3.979160
Amino20x4,"['ARG_xby', 'ARG_xci']",6.459000,7.983980
Amino20x4,"['ASN_xaf', 'ASN_xaj']",0.388000,-0.180280
Amino20x4,"['ASN_xae', 'ASN_xaf']",4.109000,3.230250
Amino20x4,"['ASN_xab', 'ASN_xaf']",4.760000,4.005680
Amino20x4,"['ASN_xaf', 'ASN_xah']",6.532000,4.710220
Amino20x4,"['ASP_xad', 'ASP_xaz']",0.157000,-0.470060
Amino20x4,"['ASP_xay', 'ASP_xaz']",1.974000,1.942770
Amino20x4,"['ASP_xau', 'ASP_xaz']",2.897000,3.126890
Amino20x4,"['ASP_xaz', 'ASP_xbc']",3.113000,1.876900
Amino20x4,"['CYS_xah', 'CYS_xai']",0.277000,1.393680
Amino20x4,"['CYS_xag', 'CYS_xai']",0.979000,-0.106300
Amino20x4,"['CYS_xai', 'CYS_xao']",0.992000,1.551050
Amino20x4,"['CYS_xai', 'CYS_xal']",2.373000,2.510040
Amino20x4,"['GLN_xai', 'GLN_xan']",0.424000,0.454610
Amino20x4,"['GLN_xai', 'GLN_xat']",3.272000,3.583690
Amino20x4,"['GLN_xai', 'GLN_xap']",4.045000,2.931460
Amino20x4,"['GLN_xai', 'GLN_xal']",4.152000,3.489490
Amino20x4,"['GLU_xav', 'GLU_xbi']",1.335000,1.271500
Amino20x4,"['GLU_xal', 'GLU_xbi']",1.545000,1.189570
Amino20x4,"['GLU_xar', 'GLU_xbi']",2.939000,2.993830
Amino20x4,"['GLU_xad', 'GLU_xbi']",5.216000,4.255420
Amino20x4,"['GLY_xac', 'GLY_xae']",1.091000,0.152280
Amino20x4,"['GLY_xac', 'GLY_xad']",2.627000,1.517610
Amino20x4,"['GLY_xab', 'GLY_xac']",2.743000,1.370490
Amino20x4,"['GLY_xac', 'GLY_xag']",4.086000,2.191700
Amino20x4,"['HIS_xam', 'HIS_xaq']",2.769000,2.281520
Amino20x4,"['HIS_xah', 'HIS_xaq']",2.992000,3.181340
Amino20x4,"['HIS_xaq', 'HIS_xau']",7.318000,5.750170
Amino20x4,"['HIS_xaq', 'HIS_xav']",7.370000,5.684720
Amino20x4,"['ILE_xae', 'ILE_xaj']",0.187000,0.389480
Amino20x4,"['ILE_xae', 'ILE_xaq']",0.595000,1.318040
Amino20x4,"['ILE_xae', 'ILE_xag']",0.963000,0.845170
Amino20x4,"['ILE_xae', 'ILE_xak']",0.995000,0.513550
Amino20x4,"['LEU_xad', 'LEU_xap']",0.338000,-0.078990
Amino20x4,"['LEU_xae', 'LEU_xap']",1.524000,1.387820
Amino20x4,"['LEU_xap', 'LEU_xbb']",1.686000,1.683180
Amino20x4,"['LEU_xap', 'LEU_xaq']",1.952000,2.103930
Amino20x4,"['LYS_xao', 'LYS_xap']",0.058000,-0.222130
Amino20x4,"['LYS_xan', 'LYS_xap']",0.199000,0.172870
Amino20x4,"['LYS_xap', 'LYS_xas']",0.456000,0.404320
Amino20x4,"['LYS_xap', 'LYS_xat']",0.540000,-0.020690
Amino20x4,"['MET_xag', 'MET_xbf']",1.814000,3.298480
Amino20x4,"['MET_xbf', 'MET_xbm']",2.459000,4.330850
Amino20x4,"['MET_xav', 'MET_xbf']",2.466000,2.545800
Amino20x4,"['MET_xbf', 'MET_xbo']",2.896000,4.429690
Amino20x4,"['PHE_xab', 'PHE_xaw']",0.872000,1.627750
Amino20x4,"['PHE_xar', 'PHE_xaw']",1.719000,2.539310
Amino20x4,"['PHE_xan', 'PHE_xaw']",1.840000,1.439480
Amino20x4,"['PHE_xal', 'PHE_xaw']",1.889000,1.670440
Amino20x4,"['PRO_xad', 'PRO_xae']",1.396000,1.736120
Amino20x4,"['PRO_xac', 'PRO_xae']",3.211000,1.462150
Amino20x4,"['PRO_xae', 'PRO_xaf']",4.187000,2.982590
Amino20x4,"['PRO_xab', 'PRO_xae']",6.014000,4.302160
Amino20x4,"['SER_xad', 'SER_xah']",3.026000,3.135260
Amino20x4,"['SER_xad', 'SER_xaf']",3.103000,3.364730
Amino20x4,"['SER_xad', 'SER_xak']",3.513000,3.208800
Amino20x4,"['SER_xad', 'SER_xar']",4.183000,3.789680
Amino20x4,"['THR_xab', 'THR_xaq']",1.339000,-0.141790
Amino20x4,"['THR_xag', 'THR_xaq']",3.080000,1.037800
Amino20x4,"['THR_xah', 'THR_xaq']",3.506000,1.397970
Amino20x4,"['THR_xal', 'THR_xaq']",4.224000,3.209670
Amino20x4,"['TRP_xag', 'TRP_xao']",1.293000,2.494680
Amino20x4,"['TRP_xah', 'TRP_xao']",2.828000,2.473170
Amino20x4,"['TRP_xaf', 'TRP_xao']",3.244000,2.907720
Amino20x4,"['TRP_xac', 'TRP_xao']",4.057000,3.338990
Amino20x4,"['TYR_xag', 'TYR_xar']",0.093000,0.064830
Amino20x4,"['TYR_xab', 'TYR_xag']",0.903000,1.582710
Amino20x4,"['TYR_xag', 'TYR_xah']",1.707000,1.245280
Amino20x4,"['TYR_xag', 'TYR_xan']",1.772000,2.572870
Amino20x4,"['VAL_xad', 'VAL_xaj']",0.849000,1.138180
Amino20x4,"['VAL_xad', 'VAL_xah']",0.860000,0.507700
Amino20x4,"['VAL_xad', 'VAL_xaf']",1.355000,1.594010
Amino20x4,"['VAL_xad', 'VAL_xak']",1.484000,1.683890
BH76,"['h', 'n2o', 'n2ohts']",17.700000,18.515860
BH76,"['n2', 'n2ohts', 'oh']",82.600000,75.171320
BH76,"['h', 'hf', 'hfhts']",42.100000,40.429820
BH76,"['h', 'hf', 'hfhts']",42.100000,40.429820
BH76,"['h', 'hcl', 'hclhts']",17.800000,17.704280
BH76,"['h', 'hcl', 'hclhts']",17.800000,17.704280
BH76,"['ch3f', 'h', 'hfch3ts']",30.500000,32.651010
BH76,"['ch3', 'hf', 'hfch3ts']",56.900000,56.139760
BH76,"['f2', 'h', 'hf2ts']",1.500000,-1.594290
BH76,"['f', 'hf', 'hf2ts']",104.800000,100.082040
BH76,"['ch3', 'ch3fclts', 'clf']",7.100000,5.920770
BH76,"['ch3f', 'ch3fclts', 'cl']",59.800000,56.170700
BH76,"['ch3f', 'f-', 'fch3fts']",-0.600000,-11.909160
BH76,"['ch3f', 'f-', 'fch3fts']",-0.600000,-11.909160
BH76,"['fch3fcomp', 'fch3fts']",13.400000,11.256240
BH76,"['fch3fcomp', 'fch3fts']",13.400000,11.256240
BH76,"['ch3cl', 'cl-', 'clch3clts']",2.500000,-7.405340
BH76,"['ch3cl', 'cl-', 'clch3clts']",2.500000,-7.405340
BH76,"['clch3clcomp', 'clch3clts']",13.500000,8.768930
BH76,"['clch3clcomp', 'clch3clts']",13.500000,8.768930
BH76,"['ch3cl', 'f-', 'fch3clts']",-12.300000,-29.728450
BH76,"['ch3f', 'cl-', 'fch3clts']",19.800000,22.714840
BH76,"['fch3clcomp1', 'fch3clts']",3.500000,-2.043710
BH76,"['fch3clcomp2', 'fch3clts']",29.600000,36.721730
BH76,"['ch3f', 'hoch3fts', 'oh-']",-2.700000,-14.666470
BH76,"['ch3oh', 'f-', 'hoch3fts']",17.600000,8.329280
BH76,"['hoch3fcomp2', 'hoch3fts']",11.000000,4.781120
BH76,"['hoch3fcomp1', 'hoch3fts']",47.700000,59.493260
BH76,"['h', 'hn2ts', 'n2']",14.600000,9.302200
BH76,"['hn2', 'hn2ts']",10.900000,13.848930
BH76,"['co', 'h', 'hcots']",3.200000,0.626750
BH76,"['hco', 'hcots']",22.800000,25.452040
BH76,"['c2h4', 'c2h5ts', 'h']",2.000000,-0.361030
BH76,"['c2h5_1', 'c2h5ts']",42.000000,48.413030
BH76,"['c2h4', 'c3h7ts', 'ch3']",6.400000,3.155980
BH76,"['c3h7', 'c3h7ts']",33.000000,36.657470
BH76,"['hcn', 'hcnts']",48.100000,50.878410
BH76,"['hcnts', 'hnc']",33.000000,36.880850
BH76,"['RKT01', 'h', 'hcl']",6.100000,1.061760
BH76,"['H2', 'RKT01', 'cl']",8.000000,9.683810
BH76,"['H2', 'RKT02', 'oh']",5.200000,7.246470
BH76,"['H2O', 'RKT02', 'h']",21.600000,15.891650
BH76,"['H2', 'RKT03', 'ch3']",11.900000,7.985820
BH76,"['CH4', 'RKT03', 'h']",15.000000,12.574490
BH76,"['CH4', 'RKT04', 'oh']",6.300000,8.570360
BH76,"['H2O', 'RKT04', 'ch3']",19.500000,12.626880
BH76,"['H2', 'RKT06', 'h']",9.700000,4.485340
BH76,"['H2', 'RKT06', 'h']",9.700000,4.485340
BH76,"['NH3', 'RKT07', 'oh']",3.400000,4.246250
BH76,"['H2O', 'NH2', 'RKT07']",13.700000,9.132740
BH76,"['RKT08', 'ch3', 'hcl']",1.800000,-2.145370
BH76,"['CH4', 'RKT08', 'cl']",6.800000,11.065350
BH76,"['C2H6', 'RKT09', 'oh']",3.500000,5.503830
BH76,"['C2H5_2', 'H2O', 'RKT09']",20.400000,14.298650
BH76,"['H2', 'RKT10', 'f']",1.600000,3.611530
BH76,"['RKT10', 'h', 'hf']",33.800000,21.936680
BH76,"['CH4', 'O', 'RKT11']",14.400000,16.718690
BH76,"['RKT11', 'ch3', 'oh']",8.900000,2.895580
BH76,"['PH3', 'RKT12', 'h']",2.900000,-0.009540
BH76,"['H2', 'PH2', 'RKT12']",24.700000,22.295670
BH76,"['RKT14', 'h', 'oh']",10.900000,6.053110
BH76,"['H2', 'O', 'RKT14']",13.200000,15.287550
BH76,"['H2S', 'RKT16', 'h']",3.900000,53.118490
BH76,"['H2', 'HS', 'RKT16']",17.200000,69.619830
BH76,"['O', 'RKT17', 'hcl']",10.400000,9.185380
BH76,"['RKT17', 'cl', 'oh']",9.900000,8.573000
BH76,"['NH2', 'RKT18', 'ch3']",8.900000,4.456190
BH76,"['CH4', 'NH', 'RKT18']",22.000000,21.746270
BH76,"['C2H5_2', 'NH2', 'RKT19']",9.800000,6.413360
BH76,"['C2H6', 'NH', 'RKT19']",19.400000,18.965130
BH76,"['C2H6', 'NH2', 'RKT20']",11.300000,10.594590
BH76,"['C2H5_2', 'NH3', 'RKT20']",17.800000,14.502920
BH76,"['CH4', 'NH2', 'RKT21']",13.900000,13.366890
BH76,"['NH3', 'RKT21', 'ch3']",16.900000,12.536900
BH76,"['C5H8', 'RKT22']",39.700000,40.010390
BH76,"['C5H8', 'RKT22']",39.700000,40.010390
BH76RC,"['h', 'n2', 'n2o', 'oh']",-64.910000,-56.655460
BH76RC,"['ch3', 'ch3f', 'h', 'hf']",-26.320000,-23.488750
BH76RC,"['f', 'f2', 'h', 'hf']",-103.280000,-101.676330
BH76RC,"['ch3', 'ch3f', 'cl', 'clf']",-52.640000,-50.249920
BH76RC,"['ch3cl', 'ch3f', 'cl-', 'f-']",-32.160000,-52.443280
BH76RC,"['fch3clcomp1', 'fch3clcomp2']",-26.120000,-38.765440
BH76RC,"['ch3f', 'ch3oh', 'f-', 'oh-']",-20.320000,-22.995750
BH76RC,"['hoch3fcomp1', 'hoch3fcomp2']",-36.710000,-54.712140
BH76RC,"['h', 'hn2', 'n2']",3.690000,-4.546730
BH76RC,"['co', 'h', 'hco']",-19.550000,-24.825300
BH76RC,"['c2h4', 'c2h5_1', 'h']",-40.020000,-48.774060
BH76RC,"['c2h4', 'c3h7', 'ch3']",-26.560000,-33.501490
BH76RC,"['hcn', 'hnc']",-15.060000,-13.997560
BH76RC,"['H2', 'cl', 'h', 'hcl']",-1.900000,-8.622050
BH76RC,"['H2', 'H2O', 'h', 'oh']",-16.390000,-8.645180
BH76RC,"['CH4', 'H2', 'ch3', 'h']",-3.110000,-4.588670
BH76RC,"['CH4', 'H2O', 'ch3', 'oh']",-13.280000,-4.056520
BH76RC,"['H2O', 'NH2', 'NH3', 'oh']",-10.320000,-4.886500
BH76RC,"['CH4', 'ch3', 'cl', 'hcl']",-5.010000,-13.210720
BH76RC,"['C2H5_2', 'C2H6', 'H2O', 'oh']",-16.840000,-8.794830
BH76RC,"['H2', 'f', 'h', 'hf']",-32.220000,-18.325150
BH76RC,"['CH4', 'O', 'ch3', 'oh']",5.440000,13.823100
BH76RC,"['H2', 'PH2', 'PH3', 'h']",-21.740000,-22.305210
BH76RC,"['H2', 'O', 'h', 'oh']",-2.320000,-9.234440
BH76RC,"['H2', 'H2S', 'HS', 'h']",-13.260000,-16.501340
BH76RC,"['O', 'cl', 'hcl', 'oh']",0.420000,0.612390
BH76RC,"['CH4', 'NH', 'NH2', 'ch3']",-13.120000,-17.290080
BH76RC,"['C2H5_2', 'C2H6', 'NH', 'NH2']",-9.560000,-12.551770
BH76RC,"['C2H5_2', 'C2H6', 'NH2', 'NH3']",-6.520000,-3.908330
BH76RC,"['CH4', 'NH2', 'NH3', 'ch3']",-2.960000,0.829980
BHDIV10,"['ed1', 'ts1']",25.650000,24.065350
BHDIV10,"['ed2', 'ts2']",56.900000,60.345160
BHDIV10,"['ed3', 'ts3']",36.530000,35.189210
BHDIV10,"['ed4', 'ts4']",96.170000,98.755120
BHDIV10,"['ed5', 'ts5']",15.940000,12.183710
BHDIV10,"['ed6', 'ts6']",13.640000,12.581060
BHDIV10,"['ed7', 'ts7']",27.490000,29.256340
BHDIV10,"['ed8', 'ts8']",50.240000,47.083160
BHDIV10,"['ed9', 'ts9']",65.840000,67.001830
BHDIV10,"['ed10', 'ts10']",64.930000,68.884070
BHPERI,"['Cyclobutene', 'TS1']",35.300000,40.403410
BHPERI,"['TS2', 'cis-135-Hexatriene']",30.800000,29.013740
BHPERI,"['TS3', 'ortho-xylylene']",28.100000,27.905290
BHPERI,"['13-Pentadiene', 'TS4']",39.700000,40.022460
BHPERI,"['13-Cyclopentadiene', 'TS5']",28.300000,28.341910
BHPERI,"['15-Hexadiene', 'TS6']",35.800000,35.090960
BHPERI,"['13-Butadiene', 'Ethylene', 'TS7']",22.300000,17.783650
BHPERI,"['13-Cyclopentadiene', 'Ethylene', 'TS8']",18.000000,13.882070
BHPERI,"['13-Cyclopentadiene', 'TS11']",14.500000,11.390700
BHPERI,"['Cis-triscyclopropacyclohexane', 'TS9']",26.400000,34.019860
BHPERI,"['13_c2h4', '13r_1', '13ts_1a']",27.600000,28.929250
BHPERI,"['13_c2h4', '13r_2', '13ts_2a']",20.000000,18.374200
BHPERI,"['13_c2h4', '13r_3', '13ts_3a']",13.800000,13.018900
BHPERI,"['13_c2h4', '13r_4', '13ts_4a']",11.800000,13.818380
BHPERI,"['13_c2h4', '13r_5', '13ts_5a']",6.500000,5.104840
BHPERI,"['13_c2h4', '13r_6', '13ts_6a']",4.700000,3.676990
BHPERI,"['13_c2h4', '13r_7', '13ts_7a']",13.100000,10.176740
BHPERI,"['13_c2h4', '13r_8', '13ts_8a']",5.900000,0.189950
BHPERI,"['13_c2h4', '13r_9', '13ts_9a']",0.500000,-3.228930
BHPERI,"['00r', '02r', '02ts']",18.100000,13.833440
BHPERI,"['00r', '03r', '03ts']",16.600000,12.380460
BHPERI,"['00r', '04r', '04ts']",22.900000,20.093210
BHPERI,"['00r', '05r', '06ts']",27.800000,24.821860
BHPERI,"['00r', '07r', '07ts']",21.300000,17.577590
BHPERI,"['00r', '07r', '08ts']",21.600000,17.738530
BHPERI,"['00r', '09r', '09ts']",31.300000,27.227360
BHROT27,"['ethane_ecl', 'ethane_st']",2.730000,2.785030
BHROT27,"['tmethane_0', 'tmethane_60']",7.010000,7.180650
BHROT27,"['tmethane_120', 'tmethane_60']",3.460000,3.914060
BHROT27,"['tmethane_120', 'tmethane_180']",3.720000,3.866760
BHROT27,"['methanol_ecl', 'methanol_st']",1.010000,1.431510
BHROT27,"['methylamine_ecl', 'methylamine_st']",2.280000,3.338770
BHROT27,"['h2o2', 'h2o2_trans']",1.010000,1.212760
BHROT27,"['h2o2', 'h2o2_cis']",7.170000,8.890260
BHROT27,"['h2s2', 'h2s2_trans']",5.790000,5.992800
BHROT27,"['h2s2', 'h2s2_cis']",8.030000,8.841150
BHROT27,"['n2h4_ecl1', 'n2h4_st1']",1.620000,2.012200
BHROT27,"['n2h4_ecl2', 'n2h4_st1']",8.410000,10.838080
BHROT27,"['nh2oh_ecl', 'nh2oh_st1']",6.910000,8.461480
BHROT27,"['nh2oh_ecl', 'nh2oh_st2']",2.680000,3.521350
BHROT27,"['acetamide_RC', 'acetamide_TS1']",17.240000,19.089920
BHROT27,"['acetamide_RC', 'acetamide_TS2']",14.520000,16.326790
BHROT27,"['biphenyl', 'biphenyl_TS']",2.100000,2.533340
BHROT27,"['bifuran_TS', 'bifuran_anti']",3.890000,5.155920
BHROT27,"['bifuran_TS', 'bifuran_syn']",2.090000,3.110510
BHROT27,"['bithiophene_TS', 'bithiophene_anti']",1.780000,1.805730
BHROT27,"['bithiophene_TS', 'bithiophene_syn']",1.390000,1.419440
BHROT27,"['butadiene_TS', 'butadiene_strans']",6.300000,6.563560
BHROT27,"['butadiene_TS', 'butadiene_scis']",3.350000,3.553870
BHROT27,"['ethylthiourea_180', 'ethylthiourea_TS1']",10.360000,10.976450
BHROT27,"['ethylthiourea_0', 'ethylthiourea_TS1']",10.240000,10.750260
BHROT27,"['ethylthiourea_180', 'ethylthiourea_TS2']",17.200000,18.473570
BHROT27,"['ethylthiourea_0', 'ethylthiourea_TS2']",17.080000,18.247390
BSR36,"['c2h6', 'ch4', 'h1']",9.540000,10.229560
BSR36,"['c2h6', 'ch4', 'h2']",9.500000,9.661110
BSR36,"['c2h6', 'ch4', 'h3']",11.090000,11.840700
BSR36,"['c2h6', 'ch4', 'h4']",8.850000,9.123330
BSR36,"['c2h6', 'ch4', 'h5']",8.640000,8.543080
BSR36,"['c2h6', 'ch4', 'h6']",10.810000,10.681570
BSR36,"['c2h6', 'ch4', 'h7']",12.740000,13.140240
BSR36,"['c2h6', 'ch4', 'h8']",11.700000,11.826230
BSR36,"['c2h6', 'ch4', 'h9']",13.200000,13.861810
BSR36,"['c2h6', 'ch4', 'h10']",11.070000,11.777300
BSR36,"['c2h6', 'ch4', 'h11']",12.490000,13.456510
BSR36,"['c2h6', 'ch4', 'h12']",12.350000,13.208550
BSR36,"['c2h6', 'ch4', 'h13']",10.990000,11.202710
BSR36,"['c2h6', 'ch4', 'h14']",9.830000,10.050260
BSR36,"['c2h6', 'ch4', 'h15']",14.270000,15.549020
BSR36,"['c2h6', 'ch4', 'r1']",2.240000,2.764970
BSR36,"['c2h6', 'ch4', 'r2']",10.560000,11.709600
BSR36,"['c2h6', 'ch4', 'r3']",6.110000,7.007320
BSR36,"['c2h6', 'ch4', 'r4']",14.670000,15.870870
BSR36,"['c2h6', 'ch4', 'r5']",10.210000,11.775270
BSR36,"['c2h6', 'ch4', 'r6']",9.780000,11.000160
BSR36,"['c2h6', 'ch4', 'r7']",8.720000,10.222120
BSR36,"['c2h6', 'ch4', 'r8']",10.100000,11.391620
BSR36,"['c2h6', 'ch4', 'r9']",9.470000,10.661280
BSR36,"['c2h6', 'ch4', 'r10']",18.550000,21.398230
BSR36,"['c2h6', 'ch4', 'r11']",8.930000,11.808950
BSR36,"['c2h6', 'ch4', 'r12']",14.560000,16.655410
BSR36,"['c2h6', 'ch4', 'r13']",25.520000,27.854670
BSR36,"['c2h6', 'ch4', 'r14']",22.860000,25.787780
BSR36,"['c2h6', 'ch4', 'r15']",27.250000,29.843550
BSR36,"['c2h6', 'ch4', 'r16']",24.960000,26.084020
BSR36,"['c1', 'c2h6', 'ch4']",26.820000,31.652380
BSR36,"['c2', 'c2h6', 'ch4']",38.340000,43.856690
BSR36,"['c2h6', 'c3', 'ch4']",31.090000,36.439760
BSR36,"['c2h6', 'c4', 'ch4']",49.820000,56.102730
BSR36,"['c2h6', 'c5', 'ch4']",45.460000,53.951900
BUT14DIOL,"['B1', 'B2']",0.150000,-0.377310
BUT14DIOL,"['B1', 'B3']",0.300000,0.764770
BUT14DIOL,"['B1', 'B4']",1.310000,1.560980
BUT14DIOL,"['B1', 'B5']",1.440000,1.920930
BUT14DIOL,"['B1', 'B6']",1.720000,1.759740
BUT14DIOL,"['B1', 'B7']",2.070000,1.454970
BUT14DIOL,"['B1', 'B8']",1.770000,2.818930
BUT14DIOL,"['B1', 'B9']",2.250000,1.691770
BUT14DIOL,"['B1', 'B10']",2.030000,2.288700
BUT14DIOL,"['B1', 'B11']",2.100000,2.097510
BUT14DIOL,"['B1', 'B12']",2.000000,2.805350
BUT14DIOL,"['B1', 'B13']",2.150000,2.341710
BUT14DIOL,"['B1', 'B14']",2.220000,1.817630
BUT14DIOL,"['B1', 'B15']",2.420000,1.689930
BUT14DIOL,"['B1', 'B16']",2.230000,2.675510
BUT14DIOL,"['B1', 'B17']",2.250000,2.660660
BUT14DIOL,"['B1', 'B18']",2.580000,2.274960
BUT14DIOL,"['B1', 'B19']",2.590000,2.221150
BUT14DIOL,"['B1', 'B20']",2.630000,2.375960
BUT14DIOL,"['B1', 'B21']",2.480000,2.789380
BUT14DIOL,"['B1', 'B22']",2.740000,2.324220
BUT14DIOL,"['B1', 'B23']",2.550000,2.953190
BUT14DIOL,"['B1', 'B24']",2.530000,3.498700
BUT14DIOL,"['B1', 'B25']",2.720000,2.592670
BUT14DIOL,"['B1', 'B26']",2.690000,2.513540
BUT14DIOL,"['B1', 'B27']",2.490000,3.385380
BUT14DIOL,"['B1', 'B28']",2.720000,3.056260
BUT14DIOL,"['B1', 'B29']",2.830000,2.513170
BUT14DIOL,"['B1', 'B30']",2.850000,2.418780
BUT14DIOL,"['B1', 'B31']",2.850000,2.418640
BUT14DIOL,"['B1', 'B32']",2.520000,3.455330
BUT14DIOL,"['B1', 'B33']",2.630000,3.041060
BUT14DIOL,"['B1', 'B34']",3.100000,2.515660
BUT14DIOL,"['B1', 'B35']",2.720000,2.525270
BUT14DIOL,"['B1', 'B36']",2.830000,3.062710
BUT14DIOL,"['B1', 'B37']",2.790000,2.676070
BUT14DIOL,"['B1', 'B38']",2.790000,2.926980
BUT14DIOL,"['B1', 'B39']",3.060000,2.577380
BUT14DIOL,"['B1', 'B40']",3.100000,3.882750
BUT14DIOL,"['B1', 'B41']",3.300000,3.419570
BUT14DIOL,"['B1', 'B42']",3.150000,4.210730
BUT14DIOL,"['B1', 'B43']",3.290000,3.585880
BUT14DIOL,"['B1', 'B44']",3.590000,3.019020
BUT14DIOL,"['B1', 'B45']",3.180000,3.202770
BUT14DIOL,"['B1', 'B46']",3.180000,3.202780
BUT14DIOL,"['B1', 'B47']",3.370000,3.057620
BUT14DIOL,"['B1', 'B48']",3.450000,3.105410
BUT14DIOL,"['B1', 'B49']",3.330000,3.527140
BUT14DIOL,"['B1', 'B50']",3.330000,3.527210
BUT14DIOL,"['B1', 'B51']",3.370000,2.883910
BUT14DIOL,"['B1', 'B52']",3.610000,3.197490
BUT14DIOL,"['B1', 'B53']",3.420000,3.680760
BUT14DIOL,"['B1', 'B54']",3.150000,4.000700
BUT14DIOL,"['B1', 'B55']",3.310000,3.675600
BUT14DIOL,"['B1', 'B56']",3.450000,3.283650
BUT14DIOL,"['B1', 'B57']",3.320000,4.232460
BUT14DIOL,"['B1', 'B58']",3.570000,3.410820
BUT14DIOL,"['B1', 'B59']",3.520000,3.921840
BUT14DIOL,"['B1', 'B60']",3.500000,3.872540
BUT14DIOL,"['B1', 'B61']",3.650000,3.470190
BUT14DIOL,"['B1', 'B62']",3.780000,3.535650
BUT14DIOL,"['B1', 'B63']",4.150000,4.314180
BUT14DIOL,"['B1', 'B64']",4.310000,3.952620
BUT14DIOL,"['B1', 'B65']",4.700000,4.431950
C60ISO,"['1', '2']",37.400000,41.784700
C60ISO,"['1', '3']",56.870000,62.784000
C60ISO,"['1', '4']",56.890000,63.035160
C60ISO,"['1', '5']",69.890000,77.752450
C60ISO,"['1', '6']",100.480000,107.033890
C60ISO,"['1', '7']",111.720000,122.311720
C60ISO,"['1', '8']",142.180000,151.542170
C60ISO,"['1', '9']",143.960000,155.192790
C60ISO,"['1', '10']",164.880000,178.603270
CARBHB12,"['1O', '1O_A', '1O_B']",5.370000,7.605280
CARBHB12,"['2O', '2O_A', '2O_B']",6.047000,8.001560
CARBHB12,"['3O', '3O_A', '3O_B']",2.421000,3.062630
CARBHB12,"['4O', '4O_A', '4O_B']",9.967000,13.459400
CARBHB12,"['1N', '1N_A', '1N_B']",2.357000,3.724370
CARBHB12,"['2N', '2N_A', '2N_B']",3.021000,4.197160
CARBHB12,"['3N', '3N_A', '3N_B']",1.205000,1.745240
CARBHB12,"['4N', '4N_A', '4N_B']",4.177000,6.865940
CARBHB12,"['1CL', '1CL_A', '1CL_B']",7.839000,11.605780
CARBHB12,"['2CL', '2CL_A', '2CL_B']",10.483000,13.249200
CARBHB12,"['3CL', '3CL_A', '3CL_B']",3.241000,4.181160
CARBHB12,"['4CL', '4CL_A', '4CL_B']",16.296000,19.822630
CDIE20,"['P20', 'R20']",-3.300000,0.943090
CDIE20,"['P20', 'R21']",4.400000,6.422510
CDIE20,"['P22', 'R22']",-5.900000,-4.097490
CDIE20,"['P25', 'R25']",-4.800000,-0.569670
CDIE20,"['P26', 'R26']",-2.500000,1.747840
CDIE20,"['P26', 'R28']",4.000000,5.997240
CDIE20,"['P25', 'R29']",4.500000,6.352980
CDIE20,"['P40', 'R40']",1.700000,2.284810
CDIE20,"['P43', 'R43']",2.900000,3.054600
CDIE20,"['P44', 'R44']",3.700000,6.413780
CDIE20,"['P45', 'R45']",1.200000,2.669780
CDIE20,"['P46', 'R46']",3.700000,6.364550
CDIE20,"['P47', 'R47']",3.800000,6.700690
CDIE20,"['P48', 'R48']",4.400000,7.198100
CDIE20,"['P49', 'R49']",4.200000,4.692270
CDIE20,"['P51', 'R51']",1.600000,0.746680
CDIE20,"['P52', 'R52']",4.200000,4.745540
CDIE20,"['P56', 'R56']",5.900000,7.591880
CDIE20,"['P51', 'R57']",5.800000,6.849640
CDIE20,"['P60', 'R60']",8.600000,10.186670
CHB6,"['22', '22A', '22B']",-34.430000,-43.018290
CHB6,"['23', '23A', '23B']",-23.830000,-30.993690
CHB6,"['24', '24A', '24B']",-17.830000,-23.877150
CHB6,"['25', '25A', '25B']",-39.090000,-40.611280
CHB6,"['26', '26A', '26B']",-25.630000,-27.511500
CHB6,"['27', '27A', '27B']",-19.900000,-20.419700
DARC,"['P1', 'butadiene', 'ethene']",-45.400000,-56.934850
DARC,"['P2', 'butadiene', 'ethine']",-60.800000,-76.244530
DARC,"['P3', 'cpdiene', 'ethene']",-29.900000,-38.861100
DARC,"['P4', 'cpdiene', 'ethine']",-33.600000,-45.279650
DARC,"['P5', 'chdiene', 'ethene']",-37.600000,-47.154060
DARC,"['P6', 'chdiene', 'ethine']",-49.000000,-61.811570
DARC,"['P7', 'furane', 'malein']",-14.000000,-18.941770
DARC,"['P7X', 'furane', 'malein']",-15.900000,-21.049880
DARC,"['P8', 'furane', 'maleinNH']",-16.800000,-21.922110
DARC,"['P8X', 'furane', 'maleinNH']",-18.900000,-24.071800
DARC,"['P9', 'cpdiene', 'malein']",-31.700000,-40.394640
DARC,"['P9X', 'cpdiene', 'malein']",-32.200000,-40.170750
DARC,"['P10', 'cpdiene', 'maleinNH']",-34.200000,-42.943970
DARC,"['P10X', 'cpdiene', 'maleinNH']",-34.600000,-42.795630
DC13,"['ISO_E36', 'ISO_P36']",-1.000000,0.451650
DC13,"['c20bowl', 'c20cage']",-7.700000,6.889520
DC13,"['heptahexaene', 'heptatriyne']",-15.200000,-10.218540
DC13,"['omcb', 'tmethen']",-18.800000,-22.946120
DC13,"['ISO_E35', 'ISO_P35']",-22.900000,-43.579130
DC13,"['carbooxo1', 'carbooxo2']",-25.700000,-2.047580
DC13,"['13dip', 'ch2n2', 'ethen']",-38.900000,-46.393760
DC13,"['be', 'be4']",-92.000000,-106.720590
DC13,"['s2', 's8']",-106.000000,-86.329060
DC13,"['ISO_C8H8_1', 'ISO_C8H8_41']",109.920000,99.214070
DC13,"['c2h2', 'o3', 'o3_c2h2_add']",-65.300000,-83.931870
DC13,"['c2h4', 'o3', 'o3_c2h4_add']",-58.700000,-70.542760
DC13,"['C6Cl6', 'C6H6', 'CL2', 'HCL']",152.600000,146.281260
DIPCS10,"['c4h4', 'c4h4_2+']",529.200000,526.863240
DIPCS10,"['c2h6', 'c2h6_2+']",667.100000,687.431450
DIPCS10,"['c2h4', 'c2h4_2+']",655.800000,654.410300
DIPCS10,"['n2h2', 'n2h2_2+']",626.900000,636.217740
DIPCS10,"['nh3', 'nh3_2+']",776.500000,774.372360
DIPCS10,"['ch2o', 'ch2o_2+']",747.600000,763.409300
DIPCS10,"['h2s', 'h2s_2+']",733.000000,743.734530
DIPCS10,"['ph3', 'ph3_2+']",649.600000,656.372030
DIPCS10,"['mg', 'mg_2+']",522.100000,523.314450
DIPCS10,"['be', 'be_2+']",634.800000,626.036190
FH51,"['C6H12O', 'H2O', 'H2O2', 'ethyl-g-butyrolactone']",-150.810000,-145.342380
FH51,"['C4H9NH2', 'C4H9NO2', 'H2O', 'H2O2']",-144.380000,-138.560280
FH51,"['C4H9CHO', 'C4H9CO2H', 'H2O', 'H2O2']",-89.350000,-89.402060
FH51,"['C4H9SO2H', 'C4H9SO3H', 'H2O', 'H2O2']",-82.550000,-67.313370
FH51,"['H2O2', 'pentanediol', 'trans-2-pentene']",-78.510000,-80.255890
FH51,"['H2', 'methylcyclohexane', 'toluene']",-66.960000,-81.372070
FH51,"['C4H9CHO', 'H2O', 'H2O2', 'pentanol']",-63.890000,-58.487120
FH51,"['C2H4OH_2', 'C2H5O_2']",-58.530000,-52.227170
FH51,"['3-hexene', 'H2O', 'H2O2', 'diethyloxirane']",-56.640000,-57.574180
FH51,"['H2O', 'H2O2', 'OS_C2H5_2', 'S_C2H5_2']",-52.850000,-38.415460
FH51,"['ax-methylcyclohexene', 'eq-methylcyclohexene']",-52.600000,-58.252270
FH51,"['1-hexene', 'H2', 'hexyne']",-46.720000,-54.544800
FH51,"['2-pentyne', 'H2', 'trans-2-pentene']",-44.820000,-50.546100
FH51,"['2-pentyne', 'H2', 'cis-2-pentene']",-43.670000,-49.608010
FH51,"['2-pentyne', 'C2H5CCNCHCH3', 'HCN']",-42.890000,-51.451490
FH51,"['1-hexene', 'H2', 'n-hexane']",-37.080000,-44.619520
FH51,"['1-pentyne', 'C4H9CHO', 'H2O']",-34.930000,-51.944320
FH51,"['C3H7NH2', 'COCl2', 'CO_2NHC3H7_2', 'HCl']",-32.470000,-29.925160
FH51,"['H2', 'eq-methylcyclohexene', 'methylcyclohexane']",-32.100000,-37.347550
FH51,"['C2H5CClCHCH3', 'Cl2', 'HCl', 'trans-2-pentene']",-31.220000,-29.941380
FH51,"['2-pentyne', 'C2H5CClCHCH3', 'HCl']",-29.980000,-39.135510
FH51,"['1-pentene', 'Heptene', 'ethene']",-25.840000,-31.355870
FH51,"['C4H9CHO', 'H2', 'pentanol']",-23.470000,-21.947940
FH51,"['H2O', 'butanediol', 'dimethyloxirane']",-22.450000,-23.430270
FH51,"['H2', 'dimethylpyrrole', 'methylpyridine']",-20.270000,-25.744800
FH51,"['C4H9NCO', 'C4H9NHCONH2', 'NH3']",-19.720000,-24.259780
FH51,"['C3H7CN', 'C3H7CONH2', 'H2O']",-19.340000,-35.430540
FH51,"['H2O', 'H2S', 'propylfuran', 'propylthiophene']",-19.450000,-10.996050
FH51,"['CO', 'HCON_C2H5_2', 'diethylamine']",-17.390000,-27.283550
FH51,"['C3H7NCO', 'C3H7NH2', 'CO2', 'H2O']",-16.980000,-22.104640
FH51,"['C3H7CO2C2H3', 'ethyl-g-butyrolactone']",-16.140000,-20.599010
FH51,"['H2C-C5-CH2', 'heptatriyne']",-14.300000,-9.560970
FH51,"['methylimidazole', 'methylpyrazole']",-13.140000,-12.820990
FH51,"['1-pentene', 'H2O', 'pentanol']",-11.680000,-19.344800
FH51,"['H2O', 'NH3', 'methylfuran', 'methylpyrrole']",-10.700000,-7.245240
FH51,"['C3H7CHCO', 'CO', 'H2CO', 'propyloxirane']",-9.390000,-4.117000
FH51,"['CO', 'HCO2C5H11', 'pentanol']",-8.530000,-19.710200
FH51,"['C3H7SH', 'C3H7S_2', 'H2']",-6.630000,-5.843320
FH51,"['ax-methylcyclohexene', 'ethene', 'pentadiene']",-6.650000,-0.632970
FH51,"['hexandione', 'methyl-d-valerolactone']",-6.450000,-8.168120
FH51,"['C2H5CO2CH3', 'C2H5CO2H', 'H2O', 'methanol']",-5.110000,-3.013990
FH51,"['C4H9NO2', 'C4H9ONO']",-3.250000,-8.199270
FH51,"['n-hexane', 'neo-hexane']",-2.640000,-3.356720
FH51,"['methylcyclohexa-13-diene', 'methylcyclohexa-14-diene']",-2.480000,-3.552050
FH51,"['1-pentene', 'trans-2-pentene']",-2.110000,-3.519400
FH51,"['H2', 'methylcyclohexa-13-diene', 'toluene']",-1.470000,-4.223090
FH51,"['cis-2-pentene', 'trans-2-pentene']",-1.150000,-0.938080
FH51,"['3-methylpentane', 'dimethylbutane']",-0.860000,-0.840120
FH51,"['C2H5CO2H', 'C2H5CONH2', 'H2O', 'NH3']",-0.430000,1.769080
FH51,"['n-nonane', 'tetramethylpentane']",-0.410000,-1.337040
FH51,"['C3H7CO2H', 'C3H7CONH2', 'H2O', 'NH3']",-0.180000,1.906610
G21EA,"['EA_c', 'EA_c-']",29.200000,13.594040
G21EA,"['EA_o', 'EA_o-']",33.700000,-9.600640
G21EA,"['EA_f', 'EA_f-']",78.400000,29.416260
G21EA,"['EA_si', 'EA_si-']",32.100000,23.593790
G21EA,"['EA_p', 'EA_p-']",17.300000,-2.797980
G21EA,"['EA_s', 'EA_s-']",48.000000,26.854210
G21EA,"['EA_cl', 'EA_cl-']",83.500000,60.427160
G21EA,"['EA_8', 'EA_8n']",27.900000,13.071870
G21EA,"['EA_9', 'EA_9n']",13.400000,-10.394150
G21EA,"['EA_10', 'EA_10n']",1.200000,-24.829260
G21EA,"['EA_11', 'EA_11n']",8.300000,-32.698300
G21EA,"['EA_12', 'EA_12n']",16.800000,-24.125440
G21EA,"['EA_13', 'EA_13n']",41.700000,-6.274640
G21EA,"['EA_14', 'EA_14n']",29.300000,22.581010
G21EA,"['EA_15', 'EA_15n']",25.100000,20.459720
G21EA,"['EA_16', 'EA_16n']",31.400000,22.947320
G21EA,"['EA_17', 'EA_17n']",23.500000,3.577120
G21EA,"['EA_18', 'EA_18n']",28.800000,10.199380
G21EA,"['EA_19', 'EA_19n']",54.200000,32.628980
G21EA,"['EA_20', 'EA_20n']",9.500000,-15.550200
G21EA,"['EA_21', 'EA_21n']",-0.200000,-14.112890
G21EA,"['EA_22', 'EA_22n']",89.500000,79.076220
G21EA,"['EA_23', 'EA_23n']",24.900000,14.305250
G21EA,"['EA_24', 'EA_24n']",38.000000,28.448430
G21EA,"['EA_25', 'EA_25n']",54.700000,53.332050
G21IP,['h'],314.900000,311.777950
G21IP,"['li', 'li+']",123.300000,125.826120
G21IP,"['be', 'be+']",214.900000,207.545710
G21IP,"['b', 'b+']",190.400000,200.164050
G21IP,"['c', 'c+']",259.600000,267.238770
G21IP,"['n', 'n+']",335.300000,340.617560
G21IP,"['o', 'o+']",313.800000,315.532360
G21IP,"['f', 'f+']",401.700000,400.013340
G21IP,"['na', 'na+']",118.500000,119.951270
G21IP,"['mg', 'mg+']",176.300000,175.770170
G21IP,"['al', 'al+']",138.000000,141.766340
G21IP,"['si', 'si+']",188.000000,191.471240
G21IP,"['p', 'p+']",241.900000,245.222430
G21IP,"['s', 's+']",239.000000,241.898370
G21IP,"['cl', 'cl+']",299.100000,301.613610
G21IP,"['8', 'IP_59']",296.339000,297.740220
G21IP,"['11', 'IP_60']",235.690000,227.062620
G21IP,"['12', 'IP_61']",300.917000,296.012620
G21IP,"['13', 'IP_62']",292.648000,281.360010
G21IP,"['14', 'IP_63']",371.311000,360.075980
G21IP,"['18', 'IP_64']",255.387000,260.991330
G21IP,"['IP_65', 'IP_n65']",234.107000,240.017800
G21IP,"['19', 'IP_66']",226.367000,233.651090
G21IP,"['20', 'IP_67']",227.822000,227.651170
G21IP,"['137', 'IP_68']",239.300000,241.182840
G21IP,"['22', 'IP_70']",294.459000,294.797470
G21IP,"['25', 'IP_71']",264.585000,259.346090
G21IP,"['26', 'IP_72']",243.709000,238.002340
G21IP,"['30', 'IP_73']",322.986000,326.479060
G21IP,"['34', 'IP_74']",359.365000,368.772450
G21IP,"['37', 'IP_75']",277.727000,291.913980
G21IP,"['43', 'IP_76']",242.854000,255.181200
G21IP,"['44', 'IP_77']",215.737000,228.983960
G21IP,"['45', 'IP_78']",265.083000,272.295260
G21IP,"['51', 'IP_79']",291.699000,294.437950
G21IP,"['48', 'IP_80']",261.153000,266.240450
G2RC,"['117', '118', '13']",-2.230000,-6.182770
G2RC,"['1', '104', '40']",-2.260000,0.399930
G2RC,"['113', '30', '8']",-2.180000,1.916850
G2RC,"['1', '18', '52']",-4.100000,-4.123920
G2RC,"['1', '13', '30', '40']",-7.100000,-21.973480
G2RC,"['126', '128', '13', '22']",-10.700000,-13.190770
G2RC,"['100', '106', '13']",-19.470000,-35.018180
G2RC,"['121', '14', '25']",-26.970000,-44.611890
G2RC,"['39', '45', '51']",-27.300000,-30.903710
G2RC,"['57', '58', '59', '60']",-27.150000,-27.879820
G2RC,"['61', '62', '66', '67']",-24.890000,0.933880
G2RC,"['1', '32', '33']",-29.460000,-30.095480
G2RC,"['25', '26', '88']",-32.710000,-47.339820
G2RC,"['1', '13', '18', '47']",-36.320000,-46.463600
G2RC,"['1', '11', '34']",-39.430000,-45.547430
G2RC,"['22', '45', '8', '97']",-48.520000,-39.183000
G2RC,"['1', '25', '26']",-49.200000,-59.512010
G2RC,"['1', '13', '21', '56']",-61.670000,-72.431310
G2RC,"['1', '13', '30', '8']",-65.150000,-71.835680
G2RC,"['1', '13', '39', '73']",-68.900000,-61.166220
G2RC,"['1', '13', '34', '68']",-81.210000,-65.278690
G2RC,"['26', '6', '82']",-109.110000,-123.507460
G2RC,"['1', '14', '39']",-135.400000,-120.331100
G2RC,"['25', '94']",-154.040000,-187.191670
G2RC,"['23', '24', '39']",-216.110000,-209.650470
HAL59,"['PCH', 'PCH_PhBr', 'PhBr']",0.850000,0.846070
HAL59,"['NCH', 'NCH_PhBr', 'PhBr']",1.150000,1.387690
HAL59,"['NH3', 'NH3_PhBr', 'PhBr']",2.020000,3.603720
HAL59,"['MeI', 'MeI_PCH', 'PCH']",0.850000,0.928290
HAL59,"['MeI', 'MeI_NCH', 'NCH']",1.420000,2.147290
HAL59,"['MeI', 'MeI_NH3', 'NH3']",2.730000,5.588380
HAL59,"['PCH', 'PCH_PhI', 'PhI']",0.920000,0.982200
HAL59,"['NCH', 'NCH_PhI', 'PhI']",1.870000,2.647980
HAL59,"['NH3', 'NH3_PhI', 'PhI']",3.330000,6.365350
HAL59,"['F3CI', 'PCH', 'PCH_F3CI']",0.890000,1.079640
HAL59,"['F3CI', 'NCH', 'NCH_F3CI']",3.610000,4.344490
HAL59,"['F3CI', 'NH3', 'NH3_F3CI']",5.880000,9.786090
HAL59,"['BrBr', 'BrBr_PCH', 'PCH']",1.180000,1.444610
HAL59,"['BrBr', 'BrBr_NCH', 'NCH']",3.610000,4.279710
HAL59,"['BrBr', 'BrBr_NH3', 'NH3']",7.290000,11.815860
HAL59,"['NBS', 'PCH', 'PCH_NBS']",1.190000,1.264960
HAL59,"['NBS', 'NCH', 'NCH_NBS']",4.320000,4.601110
HAL59,"['NBS', 'NH3', 'NH3_NBS']",8.020000,11.323240
HAL59,"['FCl', 'PCH', 'PCH_FCl']",1.160000,1.587630
HAL59,"['FCl', 'NCH', 'NCH_FCl']",4.810000,5.707410
HAL59,"['FCl', 'NH3', 'NH3_FCl']",10.540000,14.629190
HAL59,"['NIS', 'PCH', 'PCH_NIS']",1.530000,1.846510
HAL59,"['NCH', 'NCH_NIS', 'NIS']",5.910000,7.374730
HAL59,"['NH3', 'NH3_NIS', 'NIS']",10.990000,17.089840
HAL59,"['FBr', 'PCH', 'PCH_FBr']",2.070000,2.333750
HAL59,"['FBr', 'NCH', 'NCH_FBr']",7.530000,7.588480
HAL59,"['FBr', 'NH3', 'NH3_FBr']",15.300000,17.523110
HAL59,"['FI', 'FI_PCH', 'PCH']",2.740000,3.251260
HAL59,"['FI', 'FI_NCH', 'NCH']",9.330000,10.427440
HAL59,"['FI', 'FI_NH3', 'NH3']",17.110000,21.713410
HAL59,"['FCCH', 'MeI', 'MeI_FCCH']",0.500000,0.365960
HAL59,"['BrBr', 'BrBr_FCCH', 'FCCH']",0.740000,0.258560
HAL59,"['FCCH', 'FI', 'FI_FCCH']",0.290000,-0.083450
HAL59,"['FMe', 'MeI', 'MeI_FMe']",1.700000,2.352250
HAL59,"['BrBr', 'BrBr_FMe', 'FMe']",2.870000,3.211320
HAL59,"['FI', 'FI_FMe', 'FMe']",5.970000,6.955600
HAL59,"['MeI', 'MeI_OCH2', 'OCH2']",2.390000,3.057900
HAL59,"['BrBr', 'BrBr_OCH2', 'OCH2']",4.410000,5.180230
HAL59,"['FI', 'FI_OCH2', 'OCH2']",9.940000,10.827060
HAL59,"['MeI', 'MeI_OPH3', 'OPH3']",3.340000,4.571720
HAL59,"['BrBr', 'BrBr_OPH3', 'OPH3']",5.950000,7.902520
HAL59,"['FI', 'FI_OPH3', 'OPH3']",13.360000,15.930110
HAL59,"['MeI', 'MeI_pyr', 'pyr']",3.610000,4.915170
HAL59,"['BrBr', 'BrBr_pyr', 'pyr']",9.070000,10.646750
HAL59,"['FI', 'FI_pyr', 'pyr']",20.340000,20.204050
HAL59,"['11_benF3-benA', '11_benF3-benAB', '11_benF3-benB']",4.400000,4.506690
HAL59,"['12_benF6-benA', '12_benF6-benAB', '12_benF6-benB']",6.120000,6.381340
HAL59,"['19_benCl-acetoneA', '19_benCl-acetoneAB', '19_benCl-acetoneB']",1.490000,1.900790
HAL59,"['20_benBr-acetoneA', '20_benBr-acetoneAB', '20_benBr-acetoneB']",2.430000,3.024260
HAL59,"['21_benI-acetoneA', '21_benI-acetoneAB', '21_benI-acetoneB']",3.460000,4.756920
HAL59,"['22_benCl-Nm3A', '22_benCl-Nm3AB', '22_benCl-Nm3B']",2.110000,2.747850
HAL59,"['23_benBr-Nm3A', '23_benBr-Nm3AB', '23_benBr-Nm3B']",3.780000,4.660350
HAL59,"['24_benI-Nm3A', '24_benI-Nm3AB', '24_benI-Nm3B']",5.810000,7.506150
HAL59,"['25_benBr-mSHA', '25_benBr-mSHAB', '25_benBr-mSHB']",2.320000,2.844780
HAL59,"['26_benI-mSHA', '26_benI-mSHAB', '26_benI-mSHB']",3.080000,4.347640
HAL59,"['27_CH3Br-benA', '27_CH3Br-benAB', '27_CH3Br-benB']",1.810000,1.580080
HAL59,"['28_CH3I-benA', '28_CH3I-benAB', '28_CH3I-benB']",2.480000,2.502640
HAL59,"['29_CF3Br-benA', '29_CF3Br-benAB', '29_CF3Br-benB']",3.110000,3.204880
HAL59,"['30_CF3I-benA', '30_CF3I-benAB', '30_CF3I-benB']",3.910000,4.278650
HEAVY28,"['bih3', 'bih3_2']",1.160000,0.706720
HEAVY28,"['bih3', 'bih3_h2o', 'h2o']",2.490000,4.222510
HEAVY28,"['bih3', 'bih3_h2s', 'h2s']",1.360000,1.375110
HEAVY28,"['bih3', 'bih3_hcl', 'hcl']",0.770000,0.723290
HEAVY28,"['bih3', 'bih3_hbr', 'hbr']",0.980000,0.904090
HEAVY28,"['bih3', 'bih3_hi', 'hi']",1.300000,1.136270
HEAVY28,"['bih3', 'bih3_nh3', 'nh3']",0.600000,1.189490
HEAVY28,"['pbh4', 'pbh4_2']",1.250000,0.645590
HEAVY28,"['bih3', 'pbh4', 'pbh4_bih3']",0.550000,0.379440
HEAVY28,"['h2o', 'pbh4', 'pbh4_h2o']",0.360000,0.528540
HEAVY28,"['hcl', 'pbh4', 'pbh4_hcl']",0.750000,0.552480
HEAVY28,"['hbr', 'pbh4', 'pbh4_hbr']",0.930000,0.530900
HEAVY28,"['hi', 'pbh4', 'pbh4_hi']",1.180000,0.574170
HEAVY28,"['pbh4', 'pbh4_teh2', 'teh2']",0.650000,0.401270
HEAVY28,"['sbh3', 'sbh3_2']",1.280000,0.821220
HEAVY28,"['h2o', 'sbh3', 'sbh3_h2o']",1.570000,1.464780
HEAVY28,"['h2s', 'sbh3', 'sbh3_h2s']",1.060000,1.075030
HEAVY28,"['hcl', 'sbh3', 'sbh3_hcl']",2.020000,1.869020
HEAVY28,"['hbr', 'sbh3', 'sbh3_hbr']",1.890000,1.805570
HEAVY28,"['hi', 'sbh3', 'sbh3_hi']",1.490000,1.517150
HEAVY28,"['nh3', 'sbh3', 'sbh3_nh3']",2.840000,5.310770
HEAVY28,"['teh2', 'teh2_2']",0.520000,0.158190
HEAVY28,"['h2o', 'teh2', 'teh2_h2o']",0.680000,1.318210
HEAVY28,"['h2s', 'teh2', 'teh2_h2s']",0.480000,0.459720
HEAVY28,"['hcl', 'teh2', 'teh2_hcl']",1.230000,2.253330
HEAVY28,"['hbr', 'teh2', 'teh2_hbr']",1.220000,1.425990
HEAVY28,"['hi', 'teh2', 'teh2_hi']",0.800000,0.635900
HEAVY28,"['nh3', 'teh2', 'teh2_nh3']",3.350000,6.349120
HEAVYSB11,"['ge2h6', 'geh3']",73.820000,73.071980
HEAVYSB11,"['sn2me6', 'snme3']",61.740000,61.785590
HEAVYSB11,"['pb2me6', 'pbme3']",52.920000,50.031470
HEAVYSB11,"['h2s2', 'sh']",67.850000,62.159490
HEAVYSB11,"['h2se2', 'seh']",58.370000,55.175400
HEAVYSB11,"['te2me2', 'teme']",52.910000,49.706260
HEAVYSB11,"['p2me4', 'pme2']",61.850000,57.642320
HEAVYSB11,"['as2me4', 'asme2']",52.180000,49.596860
HEAVYSB11,"['sb2me4', 'sbme2']",43.790000,43.043780
HEAVYSB11,"['cl', 'cl2']",59.650000,50.521170
HEAVYSB11,"['br', 'br2']",53.170000,46.828750
ICONF,"['N3H5_1', 'N3H5_2']",0.900000,1.040920
ICONF,"['N3H5_1', 'N3H5_3']",5.290000,6.124910
ICONF,"['N4H6_1', 'N4H6_2']",0.130000,1.565110
ICONF,"['N4H6_1', 'N4H6_3']",2.330000,3.720460
ICONF,"['N3P3H12_1', 'N3P3H12_2']",12.160000,13.099970
ICONF,"['SI5H12_1', 'SI5H12_2']",0.100000,0.196490
ICONF,"['SI5H12_1', 'SI5H12_3']",1.030000,0.977310
ICONF,"['SI5H12_1', 'SI5H12_4']",3.510000,3.324390
ICONF,"['SI6H12_1', 'SI6H12_2']",1.690000,1.504680
ICONF,"['P7H7_1', 'P7H7_2']",1.400000,1.207130
ICONF,"['S4O4_1', 'S4O4_2']",4.390000,3.932540
ICONF,"['S8_1', 'S8_2']",9.160000,8.037290
ICONF,"['H2S2O7_1', 'H2S2O7_2']",0.550000,0.663960
ICONF,"['H2S2O7_1', 'H2S2O7_3']",3.550000,1.924800
ICONF,"['H4P2O7_1', 'H4P2O7_2']",1.330000,1.791170
ICONF,"['H4P2O7_1', 'H4P2O7_3']",3.660000,2.917130
ICONF,"['H4P2O7_1', 'H4P2O7_4']",4.350000,3.214650
IDISP,"['ant', 'antdimer']",-9.150000,-13.903040
IDISP,"['h2', 'pc22', 'pxylene']",-60.280000,-66.520950
IDISP,"['octane1', 'octane2']",-1.210000,-2.665560
IDISP,"['undecan1', 'undecan2']",9.100000,7.763240
IDISP,"['F14f', 'F14l']",-3.640000,-3.734660
IDISP,"['F22f', 'F22l']",-1.960000,-2.351480
IL16,"['008', '008A', '008B']",-100.410000,-114.453010
IL16,"['144', '144A', '144B']",-120.800000,-124.638790
IL16,"['147', '147A', '147B']",-116.910000,-120.314840
IL16,"['148', '148A', '148B']",-105.010000,-117.186810
IL16,"['150', '150A', '150B']",-104.440000,-108.961430
IL16,"['152', '152A', '152B']",-87.420000,-89.390570
IL16,"['187', '187A', '187B']",-114.000000,-127.329930
IL16,"['202', '202A', '202B']",-113.510000,-126.335710
IL16,"['212', '212A', '212B']",-114.910000,-127.476870
IL16,"['213', '213A', '213B']",-112.750000,-116.503160
IL16,"['214', '214A', '214B']",-104.470000,-105.446930
IL16,"['227', '227A', '227B']",-118.190000,-131.194170
IL16,"['228', '228A', '228B']",-112.020000,-114.653050
IL16,"['229', '229A', '229B']",-106.530000,-108.524790
IL16,"['230', '230A', '230B']",-110.980000,-114.319160
IL16,"['231', '231A', '231B']",-102.370000,-104.005290
INV24,"['H2O', 'H2O_TS']",31.700000,33.744600
INV24,"['H2S', 'H2S_TS']",69.300000,74.436220
INV24,"['SO2', 'SO2_TS']",60.600000,74.698330
INV24,"['Ether', 'Ether_TS']",37.000000,34.120680
INV24,"['Thioether', 'Thioether_TS']",74.200000,78.454170
INV24,"['NMe3', 'NMe3_TS']",9.700000,7.326800
INV24,"['NCl3', 'NCl3_TS']",18.900000,15.971080
INV24,"['PMe3', 'PMe3_TS']",43.200000,43.005830
INV24,"['PCl3', 'PCl3_TS']",79.700000,81.351250
INV24,"['PH2Ph', 'PH2Ph_TS']",31.200000,33.049340
INV24,"['PPh3', 'PPh3_TS']",29.300000,28.567500
INV24,"['Dibenzocycloheptene', 'Dibenzocycloheptene_TS']",10.300000,10.915390
INV24,"['Tetrahelicene', 'Tetrahelicene_TS']",4.500000,4.845910
INV24,"['Pentahelicene', 'Pentahelicene_TS']",24.700000,26.695070
INV24,"['Hexahelicene', 'Hexahelicene_TS']",37.600000,39.960350
INV24,"['Dibenzocarbazole', 'Dibenzocarbazole_TS']",4.100000,4.381410
INV24,"['Methinecyanine', 'Methinecyanine_TS']",13.100000,13.138490
INV24,"['Corannulene', 'Corannulene_TS']",11.200000,9.721230
INV24,"['BN_Corannulene', 'BN_Corannulene_TS']",6.200000,4.744750
INV24,"['Sumanene', 'Sumanene_TS']",21.300000,19.955640
INV24,"['Triazasumanene', 'Triazasumanene_TS']",42.300000,42.649490
INV24,"['BN_Sumanene', 'BN_Sumanene_TS']",27.200000,26.608730
INV24,"['Tetrabenzopyracylene', 'Tetrabenzopyracylene_TS']",8.400000,6.674160
INV24,"['Triindenotriphenylene', 'Triindenotriphenylene_TS']",68.600000,70.109200
ISO34,"['E1', 'P1']",1.490000,-1.008910
ISO34,"['E1', 'P2']",23.360000,19.571200
ISO34,"['E3', 'P3']",7.270000,3.562450
ISO34,"['E4', 'P4']",1.060000,0.817110
ISO34,"['E4', 'E5']",1.230000,1.176690
ISO34,"['E4', 'P6']",2.490000,3.700510
ISO34,"['E7', 'P7']",11.150000,6.802990
ISO34,"['E8', 'P8']",22.590000,23.658930
ISO34,"['E9', 'P9']",6.540000,8.231950
ISO34,"['E10', 'P10']",3.800000,4.377720
ISO34,"['E11', 'P11']",1.580000,2.693830
ISO34,"['E12', 'P12']",45.650000,49.568970
ISO34,"['E13', 'P13']",36.850000,40.165090
ISO34,"['E14', 'P14']",24.580000,24.401680
ISO34,"['E15', 'P15']",8.250000,6.658590
ISO34,"['E16', 'P16']",10.020000,9.271700
ISO34,"['E17', 'P17']",28.510000,23.939310
ISO34,"['E18', 'P18']",11.680000,12.840740
ISO34,"['E19', 'E20']",4.580000,4.857500
ISO34,"['E20', 'P20']",18.120000,18.844200
ISO34,"['E21', 'P21']",1.160000,1.074690
ISO34,"['E21', 'E22']",4.650000,-0.465800
ISO34,"['E23', 'P23']",5.540000,3.498720
ISO34,"['E24', 'P24']",12.260000,11.837180
ISO34,"['E25', 'P25']",26.140000,28.692070
ISO34,"['E26', 'P26']",17.140000,19.653040
ISO34,"['E27', 'P27']",66.060000,60.707990
ISO34,"['E28', 'P28']",31.260000,34.080060
ISO34,"['E29', 'P29']",13.050000,15.023350
ISO34,"['E30', 'P30']",9.980000,10.571370
ISO34,"['E31', 'P31']",15.230000,19.770020
ISO34,"['E32', 'P32']",6.640000,8.648520
ISO34,"['E33', 'P33']",8.700000,7.193340
ISO34,"['E34', 'P34']",6.770000,11.466270
ISOL24,"['i1e', 'i1p']",71.010000,66.243380
ISOL24,"['i2e', 'i2p']",38.500000,43.122620
ISOL24,"['i3e', 'i3p']",10.690000,10.925580
ISOL24,"['i4e', 'i4p']",69.030000,74.297200
ISOL24,"['i5e', 'i5p']",33.080000,43.592690
ISOL24,"['i6e', 'i6p']",24.410000,32.517260
ISOL24,"['i7e', 'i7p']",17.880000,21.312730
ISOL24,"['i8e', 'i8p']",22.040000,14.251240
ISOL24,"['i9e', 'i9p']",21.090000,23.048330
ISOL24,"['i10e', 'i10p']",6.490000,5.036030
ISOL24,"['i11e', 'i11p']",36.900000,42.395140
ISOL24,"['i12e', 'i12p']",0.420000,-0.309780
ISOL24,"['i13e', 'i13p']",33.020000,28.959470
ISOL24,"['i14e', 'i14p']",5.320000,-0.829570
ISOL24,"['i15e', 'i15p']",4.140000,5.120430
ISOL24,"['i16e', 'i16p']",23.000000,21.636160
ISOL24,"['i17e', 'i17p']",9.830000,14.940580
ISOL24,"['i18e', 'i18p']",24.140000,18.909890
ISOL24,"['i19e', 'i19p']",18.040000,13.576970
ISOL24,"['i20e', 'i20p']",4.970000,4.391730
ISOL24,"['i21e', 'i21p']",11.900000,15.228010
ISOL24,"['i22e', 'i22p']",0.140000,0.217260
ISOL24,"['i23e', 'i23p']",24.610000,25.319210
ISOL24,"['i24e', 'i24p']",15.400000,15.606750
MB16-43,"['01', 'AlH3', 'BH3', 'Cl2', 'F2', 'H2', 'N2', 'NaH', 'O2']",869.597100,869.097320
MB16-43,"['02', 'BH3', 'F2', 'H2', 'LiH', 'MgH2', 'O2', 'S2', 'SiH4']",737.786500,745.188600
MB16-43,"['03', 'AlH3', 'CH4', 'F2', 'H2', 'LiH', 'MgH2', 'NaH', 'O2', 'S2']",518.657600,483.241020
MB16-43,"['04', 'AlH3', 'BH3', 'CH4', 'F2', 'H2', 'O2', 'SiH4']",356.848100,295.694110
MB16-43,"['05', 'BH3', 'Cl2', 'H2', 'N2', 'P2', 'SiH4']",147.682800,177.533390
MB16-43,"['06', 'AlH3', 'BH3', 'CH4', 'H2', 'MgH2', 'N2', 'O2']",368.494100,343.922750
MB16-43,"['07', 'BH3', 'CH4', 'Cl2', 'F2', 'H2', 'MgH2', 'N2', 'O2', 'S2']",557.983600,556.121550
MB16-43,"['08', 'AlH3', 'BH3', 'BeH2', 'CH4', 'F2', 'H2', 'O2']",681.959800,631.187140
MB16-43,"['09', 'BH3', 'CH4', 'Cl2', 'F2', 'H2', 'LiH', 'SiH4']",381.430100,381.103290
MB16-43,"['10', 'BH3', 'CH4', 'Cl2', 'F2', 'H2', 'MgH2', 'N2', 'SiH4']",46.307300,23.269420
MB16-43,"['11', 'AlH3', 'BH3', 'CH4', 'F2', 'H2', 'MgH2', 'N2', 'O2']",294.405800,242.382990
MB16-43,"['12', 'AlH3', 'BH3', 'CH4', 'Cl2', 'F2', 'H2', 'N2', 'O2', 'P2']",453.064700,433.362270
MB16-43,"['13', 'CH4', 'H2', 'MgH2', 'N2', 'O2', 'S2']",19.875100,35.773920
MB16-43,"['14', 'AlH3', 'BH3', 'Cl2', 'H2', 'LiH', 'O2', 'SiH4']",384.889500,356.922930
MB16-43,"['15', 'AlH3', 'BH3', 'CH4', 'Cl2', 'H2', 'NaH', 'S2', 'SiH4']",216.096100,184.241070
MB16-43,"['16', 'AlH3', 'BH3', 'H2', 'LiH', 'MgH2', 'O2', 'SiH4']",326.756700,259.079170
MB16-43,"['17', 'BH3', 'CH4', 'F2', 'H2', 'MgH2', 'O2', 'SiH4']",653.593100,618.070080
MB16-43,"['18', 'AlH3', 'BH3', 'Cl2', 'F2', 'H2', 'N2', 'O2']",580.861000,575.956310
MB16-43,"['19', 'AlH3', 'BH3', 'F2', 'H2', 'LiH', 'O2', 'P2', 'S2']",664.560000,665.977050
MB16-43,"['20', 'BH3', 'CH4', 'F2', 'H2', 'N2', 'P2']",242.805500,235.367070
MB16-43,"['21', 'AlH3', 'BH3', 'Cl2', 'H2', 'MgH2', 'NaH', 'O2']",806.225300,785.536830
MB16-43,"['22', 'BH3', 'F2', 'H2', 'MgH2', 'O2', 'P2']",706.203700,678.229570
MB16-43,"['23', 'BH3', 'CH4', 'Cl2', 'F2', 'H2', 'MgH2', 'SiH4']",215.392800,169.542580
MB16-43,"['24', 'AlH3', 'BH3', 'F2', 'H2', 'O2', 'S2', 'SiH4']",1070.639500,1020.312060
MB16-43,"['25', 'AlH3', 'BH3', 'F2', 'H2', 'O2', 'SiH4']",322.490400,293.539230
MB16-43,"['26', 'AlH3', 'BH3', 'CH4', 'H2', 'MgH2', 'O2', 'P2', 'SiH4']",373.668000,336.205390
MB16-43,"['27', 'AlH3', 'BH3', 'CH4', 'Cl2', 'H2', 'N2', 'O2', 'S2']",114.966600,94.265660
MB16-43,"['28', 'AlH3', 'BH3', 'F2', 'N2', 'O2']",325.121300,336.744010
MB16-43,"['29', 'BH3', 'CH4', 'F2', 'H2', 'LiH', 'N2', 'S2', 'SiH4']",695.103200,686.802910
MB16-43,"['30', 'AlH3', 'BH3', 'CH4', 'F2', 'H2', 'LiH', 'S2', 'SiH4']",1290.735800,1289.220900
MB16-43,"['31', 'AlH3', 'BH3', 'CH4', 'Cl2', 'F2', 'H2', 'O2', 'P2']",534.900300,533.073680
MB16-43,"['32', 'AlH3', 'BH3', 'F2', 'H2', 'LiH', 'N2', 'S2', 'SiH4']",685.581800,679.832540
MB16-43,"['33', 'AlH3', 'BH3', 'CH4', 'F2', 'H2', 'N2', 'S2']",312.692500,298.460130
MB16-43,"['34', 'AlH3', 'BH3', 'CH4', 'F2', 'H2', 'MgH2', 'N2', 'O2', 'P2', 'SiH4']",538.264200,497.990420
MB16-43,"['35', 'AlH3', 'BH3', 'CH4', 'Cl2', 'H2', 'LiH', 'O2', 'P2', 'SiH4']",228.174800,183.491760
MB16-43,"['36', 'CH4', 'Cl2', 'F2', 'H2', 'LiH', 'N2', 'O2', 'P2']",552.850000,540.464330
MB16-43,"['37', 'AlH3', 'BH3', 'CH4', 'F2', 'H2', 'O2', 'S2', 'SiH4']",629.784200,564.426000
MB16-43,"['38', 'AlH3', 'BH3', 'CH4', 'F2', 'H2', 'N2', 'P2', 'S2', 'SiH4']",98.194300,104.047940
MB16-43,"['39', 'BH3', 'CH4', 'Cl2', 'F2', 'H2', 'LiH', 'NaH']",436.404400,435.641190
MB16-43,"['40', 'AlH3', 'BH3', 'CH4', 'H2', 'N2', 'SiH4']",-362.980600,-439.395090
MB16-43,"['41', 'AlH3', 'BH3', 'CH4', 'F2', 'H2', 'NaH', 'S2']",160.290900,141.052750
MB16-43,"['42', 'AlH3', 'BH3', 'CH4', 'F2', 'H2', 'N2', 'O2', 'P2']",754.645800,732.762630
MB16-43,"['43', 'AlH3', 'BH3', 'F2', 'H2', 'N2', 'O2', 'SiH4']",421.968300,418.745520
MCONF,"['1', '2']",0.390000,1.400250
MCONF,"['1', '3']",1.740000,1.758240
MCONF,"['1', '4']",1.160000,1.387580
MCONF,"['1', '5']",2.200000,2.499630
MCONF,"['1', '6']",2.200000,2.610240
MCONF,"['1', '7']",2.680000,3.183400
MCONF,"['1', '8']",2.920000,3.138430
MCONF,"['1', '9']",2.230000,2.347600
MCONF,"['1', '10']",2.840000,3.060520
MCONF,"['1', '11']",4.240000,4.443510
MCONF,"['1', '12']",4.450000,4.642190
MCONF,"['1', '13']",3.600000,3.698890
MCONF,"['1', '14']",2.250000,3.074610
MCONF,"['1', '15']",3.740000,3.928540
MCONF,"['1', '16']",5.000000,5.258840
MCONF,"['1', '17']",5.110000,5.359350
MCONF,"['1', '18']",3.180000,3.827700
MCONF,"['1', '19']",3.830000,3.889350
MCONF,"['1', '20']",3.800000,3.731180
MCONF,"['1', '21']",3.110000,3.807870
MCONF,"['1', '22']",5.270000,5.341970
MCONF,"['1', '23']",5.310000,5.451130
MCONF,"['1', '24']",4.500000,5.212250
MCONF,"['1', '25']",3.850000,4.347470
MCONF,"['1', '26']",4.550000,5.317500
MCONF,"['1', '27']",4.760000,4.568450
MCONF,"['1', '28']",4.370000,4.539630
MCONF,"['1', '29']",5.270000,5.782390
MCONF,"['1', '30']",5.670000,6.001480
MCONF,"['1', '31']",4.860000,5.114210
MCONF,"['1', '32']",6.240000,6.054710
MCONF,"['1', '33']",6.260000,6.112950
MCONF,"['1', '34']",5.850000,5.953030
MCONF,"['1', '35']",5.370000,5.741820
MCONF,"['1', '36']",5.530000,5.627550
MCONF,"['1', '37']",7.530000,7.802030
MCONF,"['1', '38']",5.880000,5.996910
MCONF,"['1', '39']",5.580000,6.055920
MCONF,"['1', '40']",6.980000,7.086380
MCONF,"['1', '41']",7.070000,7.189830
MCONF,"['1', '42']",6.390000,6.662220
MCONF,"['1', '43']",7.320000,7.463680
MCONF,"['1', '44']",7.390000,7.550820
MCONF,"['1', '45']",6.180000,6.985790
MCONF,"['1', '46']",7.820000,8.121690
MCONF,"['1', '47']",7.890000,8.198550
MCONF,"['1', '48']",6.740000,7.103470
MCONF,"['1', '49']",8.190000,8.552590
MCONF,"['1', '50']",8.200000,8.565270
MCONF,"['1', '51']",7.280000,7.978550
MCONF,"['1', '52']",8.750000,9.468480
NBPRC,"['bh3_1', 'nh3', 'nh3-bh3']",-32.100000,-37.342280
NBPRC,"['h2_1', 'nh2-bh2', 'nh3-bh3']",-0.200000,5.067590
NBPRC,"['h2_1', 'nh-bh', 'nh2-bh2']",37.600000,43.706870
NBPRC,"['cbut', 'nh2-bh2']",-19.500000,-25.346600
NBPRC,"['bz', 'h2_1', 'nh2-bh2']",-48.900000,-49.289540
NBPRC,"['ch', 'nh2-bh2']",-46.100000,-54.091110
NBPRC,"['BH3PH3', 'BH3_2', 'PH3']",-25.200000,-27.633910
NBPRC,"['BH3PH3', 'H2_2', 'K_H']",40.400000,41.803240
NBPRC,"['BF3', 'BF3PMe3', 'PMe3']",-15.200000,-19.452470
NBPRC,"['BF3PMe3', 'H2_2', 'K_F']",18.500000,31.206990
NBPRC,"['BCl3', 'BCl3PMe3', 'PMe3']",-31.200000,-33.119420
NBPRC,"['BCl3PMe3', 'H2_2', 'K_Cl']",17.600000,22.771550
PA26,"['p2', 'p2p']",167.200000,168.325250
PA26,"['p4', 'p4p']",192.900000,197.922440
PA26,"['p6', 'p6p']",209.200000,215.501940
PA26,"['p8', 'p8p']",219.200000,226.571730
PA26,"['nh3', 'nh3p']",211.900000,218.194790
PA26,"['h2o', 'h2op']",171.400000,176.947110
PA26,"['c2h2', 'c2h2p']",157.400000,156.332570
PA26,"['sih4', 'sih4p']",156.900000,147.821000
PA26,"['ph3', 'ph3p']",192.800000,189.757340
PA26,"['h2s', 'h2sp']",174.300000,171.032200
PA26,"['hcl', 'hclp']",137.800000,131.860260
PA26,"['h2', 'h2p']",106.200000,97.026550
PA26,"['c2f6', 'c2f6p']",120.800000,116.292040
PA26,"['ethanol', 'ethanolp']",191.900000,192.170220
PA26,"['ch3cooh', 'ch3coohp']",190.900000,190.223100
PA26,"['gly', 'glyp']",218.200000,221.613090
PA26,"['phenol', 'phenolp']",200.400000,202.386770
PA26,"['ass', 'assp']",210.200000,208.128390
PA26,"['ch2s', 'ch2sp']",188.300000,183.156260
PA26,"['si2h6', 'si2h6p']",181.900000,175.916400
PA26,"['cys', 'cysp']",221.300000,223.122640
PA26,"['phosphapyrrol', 'phosphapyrrolp']",219.600000,222.116210
PA26,"['A', 'Ap']",192.900000,191.634760
PA26,"['T', 'Tp']",210.700000,209.652960
PA26,"['G', 'Gp']",236.000000,238.905520
PA26,"['C', 'Cp']",235.100000,237.708710
PArel,"['A0', 'A1']",1.610000,1.356930
PArel,"['A0', 'A2']",8.500000,8.421420
PArel,"['T0', 'T1']",2.940000,3.195840
PArel,"['T1', 'T2']",6.220000,8.234280
PArel,"['T1', 'T3']",7.190000,9.378740
PArel,"['arg0', 'arg2']",2.380000,3.737180
PArel,"['his1', 'his2']",1.190000,1.655730
PArel,"['his0', 'his1']",0.790000,0.547800
PArel,"['his1', 'his3']",7.050000,7.503380
PArel,"['sugar0', 'sugar2']",2.980000,4.323210
PArel,"['sugar0', 'sugar4']",3.410000,5.253030
PArel,"['sugar0', 'sugar3']",3.210000,5.398570
PArel,"['aminocoohbz1', 'aminocoohbz2']",0.600000,0.362660
PArel,"['aminocoohbz2', 'aminocoohbz3']",7.210000,5.340350
PArel,"['h4p2o71', 'h4p2o72']",2.360000,1.191900
PArel,"['h2s2o71', 'h2s2o72']",17.880000,15.972360
PArel,"['s4o41', 's4o42']",11.200000,1.667620
PArel,"['c2h2f41', 'c2h2f42']",1.270000,-1.668280
PArel,"['c2cl42', 'c2cl43']",2.470000,6.090420
PArel,"['c2cl41', 'c2cl43']",2.150000,10.549760
PCONF21,"['444', '99']",0.020000,1.800750
PCONF21,"['357', '99']",1.010000,0.388380
PCONF21,"['366', '99']",0.700000,1.641670
PCONF21,"['215', '99']",0.850000,2.066070
PCONF21,"['300', '99']",0.780000,0.947250
PCONF21,"['114', '99']",1.920000,1.232110
PCONF21,"['412', '99']",2.180000,1.123390
PCONF21,"['691', '99']",1.610000,1.797470
PCONF21,"['470', '99']",1.890000,2.592940
PCONF21,"['224', '99']",2.070000,3.346320
PCONF21,"['GLY_aR', 'GLY_ab']",1.070000,0.315630
PCONF21,"['GLY_ab', 'GLY_pII']",1.230000,0.653520
PCONF21,"['GLY_aL', 'GLY_ab']",2.440000,1.096350
PCONF21,"['GLY_ab', 'GLY_b']",2.140000,1.682670
PCONF21,"['SER_aR', 'SER_ab']",1.470000,0.746750
PCONF21,"['SER_ab', 'SER_pII']",2.800000,1.945700
PCONF21,"['SER_aL', 'SER_ab']",2.270000,0.693080
PCONF21,"['SER_ab', 'SER_b']",2.740000,1.935510
PNICO23,"['1', '1a', '1b']",1.430000,2.210140
PNICO23,"['2', '2a', '2b']",8.020000,7.965890
PNICO23,"['3', '3a', '3b']",0.640000,0.967600
PNICO23,"['4', '4a', '4b']",4.260000,6.117960
PNICO23,"['5', '5a', '5b']",2.860000,2.995940
PNICO23,"['6', '6a', '6b']",1.320000,1.696470
PNICO23,"['7', '7a', '7b']",4.290000,5.329420
PNICO23,"['8', '8a', '8b']",2.630000,3.483160
PNICO23,"['9', '9a', '9b']",4.910000,6.202120
PNICO23,"['10', '10a', '10b']",2.210000,3.240380
PNICO23,"['11', '11a', '11b']",1.400000,2.598430
PNICO23,"['12', '12a', '12b']",2.620000,4.135890
PNICO23,"['13', '13a', '13b']",3.980000,5.047610
PNICO23,"['14', '14a', '14b']",4.100000,5.752420
PNICO23,"['15', '15a', '15b']",4.340000,5.883720
PNICO23,"['16', '16a', '16b']",1.780000,3.141220
PNICO23,"['17', '17a', '17b']",7.100000,10.808560
PNICO23,"['18', '18a', '18b']",2.350000,3.419190
PNICO23,"['19', '19a', '19b']",5.950000,8.218940
PNICO23,"['20', '20a', '20b']",8.180000,12.872920
PNICO23,"['21', '21a', '21b']",4.920000,8.167810
PNICO23,"['22', '22a', '22b']",8.030000,12.479310
PNICO23,"['23', '23a', '23b']",10.970000,16.858080
PX13,"['nh3_2', 'nh3_2_ts']",59.300000,59.757650
PX13,"['nh3_3', 'nh3_3_ts']",46.900000,40.101420
PX13,"['nh3_4', 'nh3_4_ts']",48.400000,41.210840
PX13,"['h2o_2', 'h2o_2_ts']",48.600000,46.124670
PX13,"['h2o_3', 'h2o_3_ts']",29.800000,24.540360
PX13,"['h2o_4', 'h2o_4_ts']",26.600000,18.228760
PX13,"['h2o_5', 'h2o_5_ts']",30.100000,18.735380
PX13,"['h2o_6', 'h2o_6_ts']",35.100000,21.632420
PX13,"['hf_2', 'hf_2_ts']",42.300000,31.158100
PX13,"['hf_3', 'hf_3_ts']",20.700000,6.861690
PX13,"['hf_4', 'hf_4_ts']",14.700000,-0.580210
PX13,"['hf_5', 'hf_5_ts']",14.600000,-3.749350
PX13,"['hf_6', 'hf_6_ts']",16.600000,-5.002920
RC21,"['1e', '1p1', 'me']",23.430000,30.501680
RC21,"['1e', '1p2', '1p3']",26.660000,33.453700
RC21,"['2e', '2p1', 'me']",24.740000,31.517520
RC21,"['2e', '2p2', '2p3']",59.440000,59.287880
RC21,"['3e', '3p1', '3p2']",57.930000,64.512820
RC21,"['3e', '3int1']",36.560000,38.544560
RC21,"['3e', '3int2']",17.910000,16.435390
RC21,"['3e', '3int3']",16.800000,16.506230
RC21,"['3e', '3p2', '3p3']",49.850000,55.806130
RC21,"['4e', '4p', 'me']",45.160000,51.385500
RC21,"['5e', '5p', 'me']",22.240000,24.482770
RC21,"['6e', '6int']",-6.720000,-5.038190
RC21,"['6e', '6p1', 'ethylene']",21.210000,28.527380
RC21,"['6e', '6p3', 'me']",22.030000,28.735070
RC21,"['1p2', '6e', 'pr']",28.120000,34.800860
RC21,"['7e', '7p1', '7p2']",-0.730000,14.742150
RC21,"['7e', '7p3', '7p4']",50.660000,59.502130
RC21,"['7e', '7p5', '7p6']",30.380000,38.520830
RC21,"['8e', '8p1', 'ethylene']",49.730000,60.331690
RC21,"['9e', '9p1', '9p2']",32.810000,38.364650
RC21,"['10e', '10p1', '10p2']",126.560000,148.656750
RG18,"['ne', 'ne2']",0.080000,0.082150
RG18,"['ar', 'ar2']",0.270000,0.285490
RG18,"['kr', 'kr2']",0.400000,0.343200
RG18,"['ne', 'ne3']",0.270000,0.228610
RG18,"['ar', 'ar3']",0.770000,0.633960
RG18,"['kr', 'kr3']",1.180000,0.905300
RG18,"['ne', 'ne4']",0.540000,0.430750
RG18,"['ar', 'ar4']",1.510000,1.203900
RG18,"['ne', 'ne6']",1.130000,0.882390
RG18,"['hf', 'hfNe', 'ne']",0.230000,1.021030
RG18,"['ar', 'hf', 'hfAr']",0.590000,1.467380
RG18,"['hf', 'hfKr', 'kr']",0.720000,-0.213020
RG18,"['c2h2', 'c2h2Ne', 'ne']",0.120000,0.247040
RG18,"['ar', 'c2h2', 'c2h2Ar']",0.330000,0.428820
RG18,"['c2h6', 'c2h6Ne', 'ne']",0.240000,0.720220
RG18,"['ar', 'c2h6', 'c2h6Ar']",0.540000,0.979860
RG18,"['bz', 'bzNe', 'ne']",0.400000,0.447740
RG18,"['ar', 'bz', 'bzAr']",1.120000,1.129820
RSE43,"['E1', 'E2', 'P1', 'P2']",-15.300000,-16.728070
RSE43,"['E1', 'E3', 'P1', 'P3']",2.000000,-2.276840
RSE43,"['E1', 'E4', 'P1', 'P4']",6.900000,2.628200
RSE43,"['E1', 'E5', 'P1', 'P5']",-0.700000,-2.242790
RSE43,"['E1', 'E6', 'P1', 'P6']",0.100000,-2.504550
RSE43,"['E1', 'E7', 'P1', 'P7']",1.400000,-1.717400
RSE43,"['E1', 'E8', 'P1', 'P8']",-3.000000,-4.226170
RSE43,"['E1', 'E9', 'P1', 'P9']",-1.500000,-2.846490
RSE43,"['E1', 'E10', 'P1', 'P10']",-2.000000,-3.310390
RSE43,"['E1', 'E11', 'P1', 'P11']",-17.700000,-20.027250
RSE43,"['E1', 'E12', 'P1', 'P12']",-10.100000,-12.795710
RSE43,"['E1', 'E13', 'P1', 'P13']",-8.400000,-10.963480
RSE43,"['E1', 'E15', 'P1', 'P15']",-6.400000,-8.355210
RSE43,"['E1', 'E16', 'P1', 'P16']",-6.500000,-8.389500
RSE43,"['E1', 'E17', 'P1', 'P17']",-6.600000,-9.086900
RSE43,"['E1', 'E18', 'P1', 'P18']",-6.500000,-8.911970
RSE43,"['E1', 'E19', 'P1', 'P19']",-3.100000,-4.630850
RSE43,"['E1', 'E20', 'P1', 'P20']",-3.800000,-7.413820
RSE43,"['E1', 'E21', 'P1', 'P21']",-12.500000,-14.364520
RSE43,"['E1', 'E22', 'P1', 'P22']",4.700000,2.729570
RSE43,"['E1', 'E23', 'P1', 'P23']",-13.100000,-14.396490
RSE43,"['E1', 'E24', 'P1', 'P24']",-11.200000,-12.900400
RSE43,"['E1', 'E25', 'P1', 'P25']",-8.900000,-11.192780
RSE43,"['E1', 'E26', 'P1', 'P26']",-13.300000,-14.254510
RSE43,"['E1', 'E27', 'P1', 'P27']",-3.500000,-6.060240
RSE43,"['E1', 'E28', 'P1', 'P28']",-3.800000,-7.266590
RSE43,"['E1', 'E29', 'P1', 'P29']",-2.900000,-6.587230
RSE43,"['E1', 'E30', 'P1', 'P30']",-6.000000,-9.257030
RSE43,"['E1', 'E31', 'P1', 'P31']",-6.400000,-9.527550
RSE43,"['E1', 'E32', 'P1', 'P32']",-4.300000,-8.352460
RSE43,"['E1', 'E33', 'P1', 'P33']",0.600000,-0.480990
RSE43,"['E1', 'E34', 'P1', 'P34']",-11.500000,-11.258770
RSE43,"['E1', 'E35', 'P1', 'P35']",-9.100000,-8.758000
RSE43,"['E1', 'E36', 'P1', 'P36']",2.400000,1.724110
RSE43,"['E1', 'E37', 'P1', 'P37']",-10.100000,-10.275780
RSE43,"['E1', 'E38', 'P1', 'P38']",-0.400000,-1.398240
RSE43,"['E1', 'E39', 'P1', 'P39']",-3.500000,-4.401970
RSE43,"['E1', 'E40', 'P1', 'P40']",-23.100000,-28.276770
RSE43,"['E1', 'E41', 'P1', 'P41']",-25.100000,-29.182570
RSE43,"['E1', 'E42', 'P1', 'P42']",-26.400000,-31.264900
RSE43,"['E1', 'E43', 'P1', 'P43']",-13.100000,-15.935400
RSE43,"['E1', 'E44', 'P1', 'P44']",-6.700000,-10.650050
RSE43,"['E1', 'E45', 'P1', 'P45']",-2.300000,-3.768950
S22,"['01', '01a']",3.133000,4.522630
S22,"['02', '02a']",4.989000,5.938710
S22,"['03', '03a']",18.753000,18.818920
S22,"['04', '04a']",16.062000,16.106230
S22,"['05', '05a']",20.641000,19.517400
S22,"['06', '06a', '06b']",16.934000,17.654270
S22,"['07', '07a', '07b']",16.660000,17.189370
S22,"['08', '08a']",0.527000,0.502600
S22,"['09', '09a']",1.472000,1.599490
S22,"['10', '10a', '10b']",1.448000,1.461740
S22,"['11', '11a']",2.654000,2.644590
S22,"['12', '12a']",4.255000,4.252030
S22,"['13', '13a']",9.805000,8.935710
S22,"['14', '14a', '14b']",4.524000,4.206230
S22,"['15', '15a', '15b']",11.730000,11.226140
S22,"['16', '16a', '16b']",1.496000,2.153430
S22,"['17', '17a', '17b']",3.275000,3.943320
S22,"['18', '18a', '18b']",2.312000,2.621620
S22,"['19', '19a', '19b']",4.541000,5.045040
S22,"['20', '20a', '20b']",2.717000,2.776420
S22,"['21', '21a', '21b']",5.627000,5.569270
S22,"['22', '22a', '22b']",7.097000,6.447300
S66,"['01', '01A', '01B']",4.920000,5.847060
S66,"['02', '02A', '02B']",5.590000,5.627090
S66,"['03', '03A', '03B']",6.910000,8.654060
S66,"['04', '04A', '04B']",8.100000,7.360030
S66,"['05', '05A', '05B']",5.760000,6.069400
S66,"['06', '06A', '06B']",7.550000,9.684900
S66,"['07', '07A', '07B']",8.230000,8.359090
S66,"['08', '08A', '08B']",5.010000,6.068190
S66,"['09', '09A', '09B']",3.060000,3.477830
S66,"['10', '10A', '10B']",4.160000,5.129680
S66,"['11', '11A', '11B']",5.420000,5.479250
S66,"['12', '12A', '12B']",7.270000,8.626700
S66,"['13', '13A', '13B']",6.190000,6.354730
S66,"['14', '14A', '14B']",7.450000,9.478290
S66,"['15', '15A', '15B']",8.630000,8.580530
S66,"['16', '16A', '16B']",5.120000,6.097190
S66,"['17', '17A', '17B']",17.180000,16.368460
S66,"['18', '18A', '18B']",6.860000,7.366410
S66,"['19', '19A', '19B']",7.410000,8.166860
S66,"['20', '20A', '20B']",19.090000,19.161700
S66,"['21', '21A', '21B']",16.260000,16.030900
S66,"['22', '22A', '22B']",19.490000,19.103930
S66,"['23', '23A', '23B']",19.190000,18.921190
S66,"['24', '24A', '24B']",2.820000,2.500570
S66,"['25', '25A', '25B']",3.900000,3.833910
S66,"['26', '26A', '26B']",9.830000,8.873680
S66,"['27', '27A', '27B']",3.440000,3.261780
S66,"['28', '28A', '28B']",5.710000,5.443030
S66,"['29', '29A', '29B']",6.820000,6.320290
S66,"['30', '30A', '30B']",1.430000,1.230690
S66,"['31', '31A', '31B']",3.380000,3.111940
S66,"['32', '32A', '32B']",3.740000,3.551520
S66,"['33', '33A', '33B']",1.870000,1.783920
S66,"['34', '34A', '34B']",3.780000,3.797710
S66,"['35', '35A', '35B']",2.610000,2.871030
S66,"['36', '36A', '36B']",1.780000,2.236120
S66,"['37', '37A', '37B']",2.400000,2.661320
S66,"['38', '38A', '38B']",3.000000,2.916600
S66,"['39', '39A', '39B']",3.580000,3.344800
S66,"['40', '40A', '40B']",2.900000,2.849540
S66,"['41', '41A', '41B']",4.850000,3.763280
S66,"['42', '42A', '42B']",4.140000,3.010930
S66,"['43', '43A', '43B']",3.710000,3.006790
S66,"['44', '44A', '44B']",2.010000,2.085510
S66,"['45', '45A', '45B']",1.750000,1.772130
S66,"['46', '46A', '46B']",4.260000,3.787960
S66,"['47', '47A', '47B']",2.880000,2.980030
S66,"['48', '48A', '48B']",3.540000,3.563480
S66,"['49', '49A', '49B']",3.330000,3.437480
S66,"['50', '50A', '50B']",2.870000,3.139920
S66,"['51', '51A', '51B']",1.520000,1.829720
S66,"['52', '52A', '52B']",4.710000,5.033790
S66,"['53', '53A', '53B']",4.360000,5.251380
S66,"['54', '54A', '54B']",3.280000,3.949420
S66,"['55', '55A', '55B']",4.190000,4.368020
S66,"['56', '56A', '56B']",3.230000,3.311690
S66,"['57', '57A', '57B']",5.280000,5.422240
S66,"['58', '58A', '58B']",4.150000,4.436010
S66,"['59', '59A', '59B']",2.850000,3.628940
S66,"['60', '60A', '60B']",4.870000,5.369910
S66,"['61', '61A', '61B']",2.910000,2.767010
S66,"['62', '62A', '62B']",3.530000,3.471390
S66,"['63', '63A', '63B']",3.800000,3.945780
S66,"['64', '64A', '64B']",3.000000,2.859510
S66,"['65', '65A', '65B']",3.990000,5.181900
S66,"['66', '66A', '66B']",3.970000,3.800750
SCONF,"['C1', 'C2']",0.860000,0.798360
SCONF,"['C1', 'C3']",2.280000,2.860940
SCONF,"['C1', 'C4']",3.080000,3.582770
SCONF,"['C1', 'C5']",4.600000,4.122090
SCONF,"['C1', 'C6']",4.870000,4.662010
SCONF,"['C1', 'C7']",4.160000,4.234010
SCONF,"['C1', 'C8']",4.380000,4.150830
SCONF,"['C1', 'C9']",6.190000,5.699690
SCONF,"['C1', 'C10']",6.180000,6.450080
SCONF,"['C1', 'C11']",5.650000,5.877840
SCONF,"['C1', 'C12']",5.590000,6.246780
SCONF,"['C1', 'C13']",5.930000,6.406110
SCONF,"['C1', 'C14']",6.310000,6.415800
SCONF,"['C1', 'C15']",6.220000,6.781150
SCONF,"['G1', 'G2']",0.200000,0.281570
SCONF,"['G1', 'G3']",6.160000,5.377020
SCONF,"['G1', 'G4']",5.540000,3.701990
SIE4x4,"['h', 'h2+_1.0']",64.400000,60.505510
SIE4x4,"['h', 'h2+_1.25']",58.900000,57.836710
SIE4x4,"['h', 'h2+_1.5']",48.700000,51.368400
SIE4x4,"['h', 'h2+_1.75']",38.300000,44.483480
SIE4x4,"['he', 'he+', 'he2+_1.0']",56.900000,58.576020
SIE4x4,"['he', 'he+', 'he2+_1.25']",46.900000,57.721280
SIE4x4,"['he', 'he+', 'he2+_1.5']",31.300000,49.055690
SIE4x4,"['he', 'he+', 'he2+_1.75']",19.100000,42.150970
SIE4x4,"['nh3', 'nh3+', 'nh32+_1.0']",35.900000,44.287160
SIE4x4,"['nh3', 'nh3+', 'nh32+_1.25']",25.900000,35.270740
SIE4x4,"['nh3', 'nh3+', 'nh32+_1.5']",13.400000,23.781840
SIE4x4,"['nh3', 'nh3+', 'nh32+_1.75']",4.900000,16.571170
SIE4x4,"['h2o', 'h2o+', 'h2o2+_1.0']",39.700000,46.198720
SIE4x4,"['h2o', 'h2o+', 'h2o2+_1.25']",29.100000,39.543100
SIE4x4,"['h2o', 'h2o+', 'h2o2+_1.5']",16.900000,29.879570
SIE4x4,"['h2o', 'h2o+', 'h2o2+_1.75']",9.300000,17.757260
TAUT15,"['1a', '1b']",4.300000,2.709560
TAUT15,"['2a', '2b']",6.560000,4.702180
TAUT15,"['3a', '3b']",-5.440000,-7.663370
TAUT15,"['3a', '3c']",5.250000,5.017070
TAUT15,"['3a', '3d']",13.030000,16.742020
TAUT15,"['4a', '4b']",0.930000,-0.536840
TAUT15,"['5a', '5b']",0.740000,-0.463740
TAUT15,"['5a', '5c']",1.450000,2.205420
TAUT15,"['6a', '6b']",-0.170000,-1.235380
TAUT15,"['6a', '6c']",-0.870000,-1.358990
TAUT15,"['6a', '6d']",2.850000,3.615550
TAUT15,"['7a', '7b']",2.150000,2.731660
TAUT15,"['8a', '8b']",0.550000,0.144490
TAUT15,"['9a', '9b']",0.950000,0.752990
TAUT15,"['10a', '10b']",-0.450000,-2.534570
UPU23,"['1a', '2p']",4.870000,6.721770
UPU23,"['1b', '2p']",2.970000,5.455820
UPU23,"['1c', '2p']",8.900000,11.847570
UPU23,"['1g', '2p']",2.220000,2.755920
UPU23,"['1p', '2p']",2.020000,3.805340
UPU23,"['2a', '2p']",3.140000,2.654950
UPU23,"['2p', '5z']",0.570000,0.674400
UPU23,"['2p', '6p']",3.320000,3.523920
UPU23,"['2p', '7a']",7.260000,9.226580
UPU23,"['2p', 'aa']",3.960000,6.078220
UPU23,"['1e', '2p']",11.130000,12.844370
UPU23,"['0a', '2p']",4.820000,6.526510
UPU23,"['1f', '2p']",14.410000,14.635800
UPU23,"['2p', '9a']",5.150000,5.477150
UPU23,"['2p', '4b']",5.480000,6.340920
UPU23,"['2p', '3a']",6.840000,8.226600
UPU23,"['2p', '7p']",3.900000,4.639460
UPU23,"['2p', '8d']",6.430000,6.872670
UPU23,"['2p', '3d']",5.420000,5.710760
UPU23,"['0b', '2p']",6.700000,6.452450
UPU23,"['1m', '2p']",5.600000,7.742480
UPU23,"['2h', '2p']",10.420000,10.678390
UPU23,"['2p', '3b']",6.090000,7.064330
W4-11,"['h', 'h2']",109.493000,109.395740
W4-11,"['al', 'alh3', 'h']",213.169000,215.760320
W4-11,"['al', 'alh', 'h']",73.570000,71.953280
W4-11,"['h', 'si', 'sih4']",324.945000,328.037440
W4-11,"['b', 'bh3', 'h']",281.287000,290.335280
W4-11,"['b', 'bh', 'h']",84.995000,82.947350
W4-11,"['c', 'ch2-trip', 'h']",190.745000,197.883810
W4-11,"['h', 'si', 'sih']",73.921000,73.550750
W4-11,"['h', 'si', 'si2h6']",535.885000,542.580710
W4-11,"['c', 'ch3', 'h']",307.870000,316.017370
W4-11,"['c', 'ch4', 'h']",420.420000,430.001070
W4-11,"['b', 'b2h6', 'h']",607.023000,626.106730
W4-11,"['f', 'h', 'si', 'sih3f']",382.753000,374.302760
W4-11,"['h', 'p', 'ph3']",242.267000,242.556710
W4-11,"['c', 'c2h6', 'h']",713.080000,729.061690
W4-11,"['c', 'h', 'propane']",1007.909000,1030.279640
W4-11,"['c', 'ch2-sing', 'h']",181.456000,178.169870
W4-11,"['c', 'ch', 'h']",84.221000,82.761410
W4-11,"['h', 'h2s', 's']",183.913000,178.050920
W4-11,"['h', 'hs', 's']",87.731000,85.159570
W4-11,"['c', 'c2h5f', 'f', 'h']",721.502000,726.779110
W4-11,"['c', 'ch3nh2', 'h', 'n']",582.301000,584.679780
W4-11,"['c', 'ch3f', 'f', 'h']",422.959000,420.321990
W4-11,"['c', 'h', 'propene']",861.578000,876.231110
W4-11,"['h', 'n', 'nh3']",298.018000,291.670900
W4-11,"['c', 'ethanol', 'h', 'o']",811.241000,812.554920
W4-11,"['c', 'ch3nh', 'h', 'n']",474.629000,479.447750
W4-11,"['c', 'c2h4', 'h']",564.095000,570.993440
W4-11,"['c', 'h', 'methanol', 'o']",513.501000,507.690890
W4-11,"['cl', 'h', 'hcl']",107.499000,100.774130
W4-11,"['h', 'n', 'nh2']",182.591000,178.526610
W4-11,"['h', 'n', 'nh']",83.096000,81.841290
W4-11,"['c', 'ch2nh2', 'h', 'n']",482.276000,485.099030
W4-11,"['b', 'bhf2', 'f', 'h']",410.973000,403.884680
W4-11,"['h', 'h2o', 'o']",232.974000,218.193790
W4-11,"['f', 'h', 'hf']",141.640000,127.728870
W4-11,"['c', 'ch2ch', 'h']",446.081000,452.738910
W4-11,"['h', 'o', 'oh']",107.208000,100.166070
W4-11,"['c', 'h', 'propyne']",705.605000,712.130420
W4-11,"['acetaldehyde', 'c', 'h', 'o']",677.864000,679.978520
W4-11,"['allene', 'c', 'h']",704.100000,713.105740
W4-11,"['f', 'si', 'sif4']",577.780000,533.083100
W4-11,"['b', 'bf3', 'f']",470.973000,458.097150
W4-11,"['c', 'c2h3f', 'f', 'h']",573.892000,574.613670
W4-11,"['c', 'h', 'o', 'oxirane']",651.526000,651.342930
W4-11,"['c', 'ch2f2', 'f', 'h']",437.668000,427.567070
W4-11,"['al', 'alf3', 'f']",430.967000,409.936140
W4-11,"['be', 'bef2', 'f']",309.099000,300.788340
W4-11,"['c', 'ch2c', 'h']",359.934000,358.422980
W4-11,"['h', 'n', 'n2h4']",438.281000,428.819140
W4-11,"['c', 'ch2nh', 'h', 'n']",439.441000,436.022620
W4-11,"['al', 'alf', 'f']",163.780000,155.288130
W4-11,"['acetic', 'c', 'h', 'o']",804.017000,799.227880
W4-11,"['c', 'c2h2', 'h']",405.525000,402.076030
W4-11,"['c', 'h', 'h2co', 'o']",374.658000,368.030570
W4-11,"['c', 'h', 'h2cn', 'n']",343.749000,342.447660
W4-11,"['b', 'bf', 'f']",182.517000,175.909330
W4-11,"['be', 'becl2', 'cl']",225.274000,224.831270
W4-11,"['c', 'h', 'o', 't-hcoh']",322.477000,312.799180
W4-11,"['al', 'alcl3', 'cl']",312.651000,309.061880
W4-11,"['c', 'c-hcoh', 'h', 'o']",317.647000,307.696160
W4-11,"['al', 'alcl', 'cl']",122.618000,119.210660
W4-11,"['c', 'h', 'ketene', 'o']",533.462000,532.948570
W4-11,"['f', 'si', 'sif']",142.710000,133.150590
W4-11,"['c', 'formic', 'h', 'o']",501.899000,487.879840
W4-11,"['c', 'h', 'hcnh', 'n']",336.249000,332.240870
W4-11,"['c', 'glyoxal', 'h', 'o']",635.101000,623.979230
W4-11,"['c', 'f', 'h', 'hcof', 'o']",403.743000,392.857850
W4-11,"['cl', 'h', 'n', 'nh2cl']",248.059000,238.232380
W4-11,"['c', 'cf4', 'f']",478.760000,462.557500
W4-11,"['c', 'f', 'h', 'hccf']",398.472000,394.086900
W4-11,"['c', 'h', 'hcn', 'n']",313.418000,302.948200
W4-11,"['c', 'h', 'hnc', 'n']",298.203000,288.995520
W4-11,"['c', 'cch', 'h']",266.163000,261.771510
W4-11,"['c', 'h', 'hco', 'o']",279.422000,272.909480
W4-11,"['c', 'co', 'o']",259.727000,248.102580
W4-11,"['c', 'h', 'o', 'oxirene']",456.072000,445.394220
W4-11,"['c', 'f', 'f2co', 'o']",420.636000,408.946890
W4-11,"['c', 'h', 'hocn', 'n', 'o']",410.066000,395.245260
W4-11,"['h', 'hooh', 'o']",269.089000,246.905260
W4-11,"['h', 'n', 't-n2h2']",296.534000,283.014970
W4-11,"['c', 'h', 'hnco', 'n', 'o']",434.737000,424.883490
W4-11,"['c-n2h2', 'h', 'n']",291.135000,277.205630
W4-11,"['c', 'cf2', 'f']",258.782000,248.940910
W4-11,"['c', 'co2', 'o']",390.141000,378.856680
W4-11,"['c', 'f', 'fccf']",386.087000,379.364590
W4-11,"['c', 'dioxirane', 'h', 'o']",410.029000,394.583980
W4-11,"['c', 'cf', 'f']",132.721000,129.449480
W4-11,"['h', 's', 'ssh']",165.128000,156.764680
W4-11,"['cl', 'h', 'hocl', 'o']",166.229000,151.497320
W4-11,"['c', 'n', 'nccn']",502.037000,485.118290
W4-11,"['n', 'n2']",228.485000,209.494580
W4-11,"['h', 'n', 'n2h']",224.864000,214.081060
W4-11,"['c', 'o', 'ocs', 's']",335.747000,326.606980
W4-11,"['o', 'si', 'sio']",193.052000,171.648090
W4-11,"['c', 'cl', 'clcn', 'n']",285.447000,273.579810
W4-11,"['h', 'hoo', 'o']",175.533000,162.689530
W4-11,"['c', 'h', 'hcno', 'n', 'o']",364.971000,354.572890
W4-11,"['c', 'h', 'honc', 'n', 'o']",350.149000,336.453320
W4-11,"['h', 'hno', 'n', 'o']",205.890000,188.968370
W4-11,"['f', 'h', 'hof', 'o']",158.653000,141.390870
W4-11,"['c-hono', 'h', 'n', 'o']",312.219000,288.971560
W4-11,"['h', 'n', 'o', 't-hono']",312.649000,288.415230
W4-11,"['c', 'cs2', 's']",280.778000,272.556740
W4-11,"['h', 'hnnn', 'n']",331.785000,314.241860
W4-11,"['c', 'cs', 's']",172.218000,159.884650
W4-11,"['c', 'cn', 'n']",181.350000,165.860860
W4-11,"['o', 's', 'so3']",346.943000,283.607970
W4-11,"['c', 'ccl2', 'cl']",177.357000,168.295550
W4-11,"['b', 'bn3pi', 'n']",105.815000,65.015930
W4-11,"['o', 's', 'so2']",260.621000,213.951570
W4-11,"['n', 'no', 'o']",152.745000,140.387060
W4-11,"['o', 's', 'so']",126.465000,111.884170
W4-11,"['n', 'n2o', 'o']",270.849000,252.828470
W4-11,"['c-hooo', 'h', 'o']",233.089000,207.207160
W4-11,"['s', 's2']",104.251000,97.205630
W4-11,"['p', 'p4']",290.578000,271.334230
W4-11,"['cl', 'cl2']",59.750000,50.653070
W4-11,"['o', 'o2']",120.824000,112.776410
W4-11,"['f', 'f2']",39.042000,25.689250
W4-11,"['h', 'o', 't-hooo']",233.297000,205.759670
W4-11,"['o', 's', 's2o']",208.781000,172.285970
W4-11,"['p', 'p2']",117.593000,104.497330
W4-11,"['cl', 'clf', 'f']",62.800000,53.979010
W4-11,"['n', 'no2', 'o']",227.882000,211.129600
W4-11,"['cl', 'clo', 'o']",65.447000,54.643180
W4-11,"['s', 's3']",168.364000,142.625350
W4-11,"['cl', 'cl2o', 'o']",101.457000,86.315080
W4-11,"['s', 's4-c2v']",234.348000,199.736280
W4-11,"['f', 'o', 'of']",53.075000,44.996120
W4-11,"['c', 'c2']",147.023000,106.344370
W4-11,"['cl', 'o', 'oclo']",128.120000,83.761450
W4-11,"['f', 'f2o', 'o']",93.780000,73.745640
W4-11,"['b', 'b2']",67.459000,57.234310
W4-11,"['f', 'fo2', 'o']",134.721000,111.338710
W4-11,"['cl', 'cloo', 'o']",126.385000,111.192930
W4-11,"['f', 'foof', 'o']",152.369000,117.560000
W4-11,"['o', 'o3']",147.428000,110.094260
W4-11,"['b', 'bn', 'n']",105.239000,73.776410
W4-11,"['be', 'be2']",2.669000,5.369180
WATER27,"['H2O', 'H2O2']",5.010000,5.932370
WATER27,"['H2O', 'H2O3']",15.800000,18.246410
WATER27,"['H2O', 'H2O4']",27.400000,34.063570
WATER27,"['H2O', 'H2O5']",35.900000,44.774670
WATER27,"['H2O', 'H2O6']",46.000000,56.096320
WATER27,"['H2O', 'H2O6c']",45.800000,55.767220
WATER27,"['H2O', 'H2O6b']",45.300000,55.943060
WATER27,"['H2O', 'H2O6c2']",44.300000,55.148940
WATER27,"['H2O', 'H2O8d2d']",72.600000,89.002500
WATER27,"['H2O', 'H2O8s4']",72.600000,89.053000
WATER27,"['H2O', 'H2O20']",198.600000,243.779030
WATER27,"['H2O', 'H2O20fc']",208.000000,249.741310
WATER27,"['H2O', 'H2O20fs']",208.000000,250.341080
WATER27,"['H2O', 'H2O20es']",209.700000,253.231620
WATER27,"['H2O', 'H3Op', 'H3OpH2O']",33.500000,40.110780
WATER27,"['H2O', 'H3Op', 'H3OpH2O2']",56.900000,66.380220
WATER27,"['H2O', 'H3Op', 'H3OpH2O3']",76.500000,88.281350
WATER27,"['H2O', 'H3Op', 'H3OpH2O63d']",117.800000,134.436320
WATER27,"['H2O', 'H3Op', 'H3OpH2O62d']",114.900000,132.608920
WATER27,"['H2O', 'OHm', 'OHmH2O']",26.600000,45.712150
WATER27,"['H2O', 'OHm', 'OHmH2O2']",48.400000,74.124330
WATER27,"['H2O', 'OHm', 'OHmH2O3']",67.600000,98.246500
WATER27,"['H2O', 'OHm', 'OHmH2O4c4']",84.800000,117.582290
WATER27,"['H2O', 'OHm', 'OHmH2O4cs']",84.800000,120.161870
WATER27,"['H2O', 'OHm', 'OHmH2O5']",100.700000,138.297080
WATER27,"['H2O', 'OHm', 'OHmH2O6']",115.700000,156.818510
WATER27,"['H2O8s4', 'H3OpH2O6OHm']",28.500000,22.657240
WCPT18,"['reac1', 'ts1']",36.760000,39.477960
WCPT18,"['reac2', 'ts2']",36.210000,37.035630
WCPT18,"['reac3', 'ts3']",60.950000,62.212380
WCPT18,"['reac4', 'ts4']",47.520000,50.044530
WCPT18,"['reac5', 'ts5']",65.680000,68.032270
WCPT18,"['reac6', 'ts6']",81.240000,91.072070
WCPT18,"['reac7', 'ts7']",32.000000,36.557990
WCPT18,"['reac8', 'ts8']",28.970000,30.645930
WCPT18,"['reac9', 'ts9']",58.800000,60.617160
WCPT18,"['h2o', 'reac1', 'ts1h2o']",5.400000,2.965810
WCPT18,"['h2o', 'reac2', 'ts2h2o']",2.680000,-2.254410
WCPT18,"['h2o', 'reac3', 'ts3h2o']",28.780000,23.139510
WCPT18,"['h2o', 'reac4', 'ts4h2o']",8.680000,8.278040
WCPT18,"['h2o', 'reac5', 'ts5h2o']",33.890000,32.171160
WCPT18,"['h2o', 'reac6', 'ts6h2o']",59.630000,55.168050
WCPT18,"['h2o', 'reac7', 'ts7h2o']",5.830000,1.174650
WCPT18,"['h2o', 'reac8', 'ts8h2o']",3.540000,-3.597750
WCPT18,"['h2o', 'reac9', 'ts9h2o']",33.220000,24.362890
YBDE18,"['cbh22', 'f2s', 'f2s-cbh22']",57.170000,52.215740
YBDE18,"['ch2', 'f2s', 'f2s-ch2']",91.140000,79.934080
YBDE18,"['cbh22', 'h2s', 'h2s-cbh22']",20.960000,19.827190
YBDE18,"['ch2', 'h2s', 'h2s-ch2']",36.400000,29.179870
YBDE18,"['cbh22', 'me2s', 'me2s-cbh22']",38.990000,35.529140
YBDE18,"['ch2', 'me2s', 'me2s-ch2']",51.740000,41.964540
YBDE18,"['cbh22', 'nf3', 'nf3-cbh22']",12.310000,10.869710
YBDE18,"['ch2', 'nf3', 'nf3-ch2']",53.730000,41.792690
YBDE18,"['cbh22', 'nh3', 'nh3-cbh22']",32.580000,38.188760
YBDE18,"['ch2', 'nh3', 'nh3-ch2']",28.870000,25.926440
YBDE18,"['cbh22', 'nme3', 'nme3-cbh22']",42.110000,41.129510
YBDE18,"['ch2', 'nme3', 'nme3-ch2']",42.810000,33.932500
YBDE18,"['cbh22', 'pf3', 'pf3-cbh22']",52.280000,47.940870
YBDE18,"['ch2', 'pf3', 'pf3-ch2']",76.370000,67.796470
YBDE18,"['cbh22', 'ph3', 'ph3-cbh22']",44.800000,42.638290
YBDE18,"['ch2', 'ph3', 'ph3-ch2']",60.110000,52.181670
YBDE18,"['cbh22', 'pme3', 'pme3-cbh22']",66.590000,63.970160
YBDE18,"['ch2', 'pme3', 'pme3-ch2']",78.000000,68.833630
